topic_0,topic_1,topic_2,topic_3,topic_4,isbn
0.9790337,0.0053088116,0.0043373317,0.005646392,0.0056737815,8936434128
0.0004475792,0.00052602094,0.00042976235,0.9980344,0.00056218385,9788901285498
0.00040824994,0.99817663,0.00039199868,0.0005103087,0.0005127841,9788925536828
0.000839231,0.0009863129,0.00080582366,0.0010490312,0.99631965,9788925560960
0.00074881286,0.00088004814,0.0007190047,0.99671155,0.00094054965,9788925560977
0.00043385918,0.0005098964,0.00041658847,0.9980947,0.0005449507,9788925564685
0.0005334275,0.9976176,0.0005121933,0.0006667796,0.000670014,9788925564692
0.00046250768,0.99793434,0.00044409657,0.0005781304,0.0005809348,9788925579283
0.00017708245,0.00020811752,0.0001700333,0.4178303,0.5816145,9788927806936
0.00054390903,0.00063923333,0.0005222575,0.00067988137,0.99761474,9788930006859
0.00025964063,0.99884033,0.00024930507,0.00032454843,0.00032612277,9788932013046
0.0005335389,0.9976171,0.00051230023,0.0006669188,0.0006701539,9788932018041
0.9983476,0.00041840502,0.00034183948,0.00044501084,0.0004471695,9788932018140
0.00017484008,0.00020548217,0.9991815,0.00021854852,0.00021960866,9788932019161
0.6102739,0.007864983,0.3650903,0.008365107,0.0084056845,9788932019239
0.0011058234,0.0012996277,0.0010618038,0.0013822693,0.99515045,9788932020006
0.0038860517,0.004567113,0.0037313593,0.0048575294,0.98295796,9788932020815
0.28335512,0.00017569814,0.71609455,0.00018687056,0.00018777704,9788932021850
0.6098217,0.000171118,0.38964236,0.00018199916,0.00018288201,9788932023151
0.00021058104,0.000247487,0.00020219841,0.0002632244,0.9990765,9788932023908
0.00019854053,0.0002333363,0.00019063719,0.00024817386,0.9991293,9788932027173
0.00022596141,0.9989908,0.00021696654,0.00028244974,0.00028381983,9788932027425
0.0007290844,0.00085686217,0.9965869,0.00091134897,0.0009157697,9788932028477
0.0021157893,0.9905504,0.0020315659,0.0026447175,0.0026575464,9788932029092
0.0012557305,0.001475807,0.0012057434,0.9944855,0.0015772658,9788932030050
0.0006447539,0.0007577521,0.0006190881,0.0008059366,0.99717253,9788932034829
0.00095398683,0.9957392,0.00091601134,0.001192475,0.0011982594,9788932034836
0.996105,0.0009862308,0.00080575666,0.001048944,0.0010540322,9788932035338
0.0003428986,0.9984685,0.00032924878,0.00042862014,0.0004306993,9788932035635
0.6374672,0.00025126315,0.3617458,0.00026724066,0.000268537,9788932036014
0.0005334049,0.00062688824,0.997503,0.00066675124,0.00066998554,9788932037714
0.99524546,0.0012038858,0.0009835821,0.0012804393,0.0012866505,9788932038094
0.00042055716,0.0004942631,0.00040381597,0.00052569265,0.9981557,9788932038230
0.62352216,0.00039804206,0.0003252028,0.00042335305,0.37533122,9788932039060
0.00037521956,0.00044097973,0.00036028316,0.00046902106,0.9983545,9788932039114
0.0002621389,0.00030808078,0.0002517039,0.99884886,0.0003292607,9788932039237
0.00023754369,0.99893904,0.00022808775,0.00029692746,0.00029836778,9788932039251
0.9967021,0.00083505566,0.0006822456,0.0008881558,0.0008924641,9788932039855
0.99557143,0.0011213432,0.0009161443,0.001192648,0.0011984332,9788932040295
0.00037522925,0.22874671,0.00036029247,0.7700464,0.0004713084,9788932040486
0.0006029119,0.9973073,0.0005789117,0.00075363443,0.00075729017,9788932041339
0.99714,0.0007241696,0.000591651,0.00077021867,0.00077395485,9788932041438
0.9958545,0.001049668,0.0008575851,0.0011164149,0.0011218304,9788932041513
0.0004867538,0.00057206117,0.0004673775,0.0006084378,0.9978654,9788932042008
0.0005136174,0.0006036329,0.0004931718,0.99774444,0.00064513145,9788932042039
0.0013804091,0.0016223366,0.99353784,0.0017254989,0.001733869,9788932042268
0.9986843,0.00033315027,0.0002721858,0.00035433486,0.00035605367,9788932042336
0.99842787,0.00039808135,0.0003252349,0.00042339484,0.00042544864,9788932042343
0.0012553862,0.9943931,0.0012054128,0.0015692214,0.0015768333,9788932042350
0.00033470397,0.00039336347,0.0003213804,0.00041837696,0.9985322,9788932042480
0.00030875788,0.4183379,0.00029646713,0.00038594456,0.58067095,9788932042589
0.00050453434,0.00059295795,0.00048445028,0.9977843,0.0006337226,9788932042633
0.2865006,0.0005020404,0.0004101701,0.7120507,0.00053655467,9788932042671
0.3273915,0.00054358155,0.0004441095,0.00057814724,0.6710427,9788932042756
0.32711583,0.00065306004,0.18552752,0.44786078,0.03884278,9788932042824
0.6783041,0.00041852196,0.000341935,0.32048818,0.0004472945,9788932042916
0.0012012222,0.0014117457,0.99437666,0.0015015168,0.0015088004,9788932042992
0.00033062737,0.00038857237,0.99845225,0.0004132812,0.00041528596,9788932043142
0.0012555557,0.0014756016,0.0012055755,0.0015694331,0.99449384,9788932043265
0.00030872005,0.7126425,0.00029643078,0.2863646,0.00038776916,9788932043388
0.000748806,0.0008800401,0.0007189982,0.99671155,0.0009405411,9788932043395
0.0004785084,0.9978629,0.00045946034,0.00059813116,0.0006010326,9788932043470
0.0006928809,0.99690545,0.0006652993,0.00086609484,0.0008702961,9788934910534
0.0017219126,0.0020236913,0.9919392,0.0021523752,0.002162816,9788934967316
0.0012569438,0.24447773,0.0012069085,0.75147957,0.0015787898,9788934967330
0.000356072,0.00041847638,0.0003418978,0.99843633,0.0004472458,9788934967347
0.0012012917,0.0014118275,0.0011534718,0.0015016038,0.9947318,9788934967354
0.0012013768,0.0014119274,0.0011535534,0.99472415,0.0015089946,9788934967361
0.9957175,0.0010843497,0.00088592037,0.0011533021,0.0011588965,9788934967378
0.0011517503,0.994856,0.0011059024,0.0014396774,0.0014466611,9788934967385
0.5566786,0.0003981122,0.00032526013,0.4421725,0.00042548162,9788934967392
0.00057769305,0.0006789383,0.0005546968,0.99746305,0.0007256139,9788934967408
0.0005439889,0.00063932716,0.00052233425,0.99761105,0.0006832796,9788934967415
0.99571717,0.0010844424,0.00088599615,0.0011534007,0.0011589957,9788934967422
0.0007915478,0.0009302728,0.00076003856,0.99652386,0.0009942271,9788934967439
0.0009227826,0.99587864,0.00088604924,0.0011534699,0.0011590652,9788934967446
0.00024812625,0.00029161232,0.00023824906,0.0003101556,0.99891186,9788934967453
0.3506632,0.00048709483,0.64781106,0.00051806855,0.0005205816,9788934967460
0.00053348,0.00062697654,0.0005122437,0.0006668452,0.9976605,9788934967477
0.0010636383,0.0012500491,0.0010212979,0.0013295382,0.99533546,9788934967484
0.0002241404,0.00026342276,0.00021521801,0.00028017347,0.99901706,9788934967491
0.0008932275,0.0010497726,0.0008576707,0.36544982,0.6317495,9788934967507
0.0014518026,0.0017062422,0.0013940104,0.99362445,0.001823543,9788934967583
0.002114399,0.9905566,0.002030231,0.0026429798,0.0026558004,9788936431150
0.00071036123,0.0008348575,0.0006820838,0.9968804,0.0008922523,9788936431174
0.979037,0.0053079785,0.004336651,0.005645506,0.005672891,9788936431204
0.00043374195,0.0005097586,0.00041647593,0.9980953,0.0005448035,9788936431273
0.0007913562,0.00093004754,0.00075985456,0.9965247,0.0009939864,9788936431334
0.0027378283,0.003217654,0.002628843,0.0034222605,0.9879934,9788936431419
0.0005899618,0.0006933572,0.00056647713,0.00073744694,0.9974128,9788936431518
0.00040233703,0.00047284973,0.9981166,0.0005029177,0.0005053572,9788936431525
0.0066916384,0.007864401,0.006425264,0.97061366,0.008405062,9788936433413
0.0024985296,0.60839546,0.0023990702,0.38356864,0.003138289,9788936433505
0.00045504313,0.000534793,0.00043692917,0.99800164,0.00057155895,9788936433581
0.00053349783,0.9976173,0.0005122608,0.0006668675,0.0006701023,9788936433635
0.0005335397,0.38737726,0.000512301,0.6109067,0.00067015487,9788936433673
0.0017216838,0.0020234224,0.0016531484,0.99243927,0.0021625285,9788936433871
0.9914806,0.0021571696,0.0017624209,0.0022943413,0.0023054709,9788936433901
0.003886096,0.0045671645,0.0037314014,0.004857585,0.9829577,9788936433918
0.00044054008,0.0005177482,0.9979377,0.00055067113,0.00055334234,9788936433925
0.0004868867,0.0005722174,0.00046750516,0.9978618,0.0006115562,9788936434069
0.99878323,0.0003080995,0.00025171918,0.00032769114,0.0003292807,9788936434120
0.0004476994,0.0005261622,0.00042987775,0.9980339,0.0005623348,9788936434151
0.00018529031,0.99917245,0.00017791444,0.00023161122,0.00023273472,9788936434311
0.0005776765,0.00067891885,0.9972957,0.0007220905,0.0007255932,9788936434359
0.00041433275,0.0004869478,0.9980604,0.0005179122,0.00052042445,9788936434366
0.9976594,0.00059264875,0.0004841977,0.00063033454,0.00063339213,9788936434427
0.00032294294,0.9985576,0.0003100875,0.00040367575,0.0004056339,9788936434434
0.00046254063,0.9979342,0.0004441282,0.0005781716,0.0005809762,9788936434441
0.00044050236,0.9980326,0.00042296725,0.000550624,0.00055329496,9788936434465
0.0002572361,0.00030231875,0.9987958,0.00032154282,0.00032310255,9788936434496
0.00095466775,0.0011219807,0.0009166651,0.9958076,0.0011991146,9788936434533
0.0003967322,0.7146433,0.00038093945,0.0004959117,0.28408313,9788936434540
0.00038556592,0.00045313934,0.00037021763,0.9983068,0.00048429176,9788936434595
0.00034289114,0.0004029855,0.99839485,0.00042861083,0.00043068992,9788936434625
0.00036539263,0.00042943054,0.0003508474,0.9983954,0.00045895303,9788936434649
0.0003605914,0.00042378786,0.998312,0.000450736,0.00045292242,9788936434663
0.0012012766,0.9946348,0.0011534572,0.0015015849,0.0015088688,9788936434687
0.00040236596,0.9982029,0.00038634893,0.00050295383,0.00050539355,9788936436612
0.9952437,0.001204321,0.0009839376,0.0012809023,0.0012871157,9788936436667
0.0018354163,0.0021570874,0.9914079,0.0022942538,0.0023053829,9788936437138
0.9985832,0.00035874703,0.00029309854,0.00038155928,0.00038341017,9788936437220
0.984174,0.0040072347,0.0032739353,0.0042620497,0.004282724,9788936437237
0.000988004,0.0011611595,0.9953748,0.0012349961,0.0012409867,9788936437275
0.00044768598,0.99800056,0.0004298649,0.00055960345,0.00056231796,9788936437381
0.00037526505,0.0004410332,0.0003603268,0.0004690779,0.9983543,9788936437428
0.0005137971,0.00060384406,0.00049334427,0.00064224174,0.9977468,9788936437459
0.0022884964,0.0026895732,0.0021973979,0.98995006,0.002874476,9788936437473
0.99892527,0.00027214133,0.00022234114,0.00028944644,0.0002908505,9788936437534
0.00040825494,0.00047980482,0.0003920035,0.9982072,0.00051279046,9788936437541
0.00048688488,0.00057221524,0.00046750339,0.9978618,0.0006115539,9788936437978
0.9976586,0.00059285545,0.00048436655,0.0006305544,0.0006336131,9788936438012
0.00076954096,0.000904409,0.0007389077,0.99662054,0.0009665853,9788936438029
0.0008391392,0.99625224,0.00080573553,0.0010489165,0.0010540045,9788936438036
0.0008393106,0.0009864063,0.0008059,0.0010491306,0.9963193,9788936438319
0.0007914145,0.42808026,0.00075991056,0.5693743,0.0009940597,9788936438418
0.00034289906,0.9984685,0.00032924922,0.0004286207,0.00043069987,9788936438432
0.00020738864,0.00024373512,0.0001991331,0.99908924,0.00026049142,9788936438456
0.0002697083,0.00031697677,0.000258972,0.9988156,0.0003387683,9788936438487
0.00038554217,0.00045311142,0.99819523,0.00048192422,0.00048426192,9788936438609
0.00092243025,0.0010840934,0.00088571094,0.99594915,0.0011586226,9788936438647
0.0003428317,0.00040291567,0.00032918458,0.00042853656,0.99849653,9788936438654
0.00031565188,0.00037097235,0.9985224,0.000394562,0.00039647595,9788936438715
0.0016211246,0.0019052393,0.99241096,0.0020263912,0.0020362206,9788936438722
0.00050441397,0.9977472,0.00048433468,0.0006305129,0.00063357136,9788936438739
0.0007696213,0.00090450345,0.00073898485,0.9966202,0.00096668623,9788936438760
0.7740865,0.00044097487,0.00036027917,0.224641,0.00047129102,9788936438777
0.00020896789,0.9990667,0.00020064948,0.00026120798,0.00026247505,9788936438838
0.34285256,0.65614426,0.00027787892,0.0003617462,0.00036350096,9788936438890
0.00036530787,0.99836844,0.00035076603,0.00045663153,0.00045884657,9788936438920
0.0005440558,0.00063940574,0.00052239845,0.5673218,0.4309724,9788936438999
0.00067604746,0.0007945301,0.9968352,0.00084505323,0.00084915245,9788936439002
0.00067608285,0.00079457165,0.0006491699,0.0008450975,0.99703515,9788936439019
0.0003228875,0.52405924,0.0003100343,0.00040360648,0.47490424,9788936439026
0.0006302474,0.00074070314,0.81145245,0.00078780355,0.18638879,9788936439040
0.48359066,0.0007950712,0.052205645,0.4625589,0.00084973074,9788936439088
0.29924506,0.00021360716,0.00017451835,0.7001385,0.0002282922,9788936439170
0.9932568,0.0017074341,0.0013949841,0.0018160075,0.0018248167,9788936439194
0.00012817328,0.00015063665,0.00012307108,0.9994371,0.00016099263,9788936439200
0.00011738901,0.00013796236,0.6480464,0.00014673521,0.35155153,9788936439217
0.00011353839,0.00013343689,0.00010901876,0.00014192196,0.99950206,9788936439224
0.00025966743,0.0003051762,0.9987844,0.00032458195,0.00032615644,9788936439231
0.00035598202,0.00041837065,0.0003418114,0.00044497428,0.9984389,9788936439286
0.0053927717,0.9759146,0.0051781004,0.0067409156,0.0067736143,9788936439293
0.0015323533,0.0018009102,0.0014713547,0.0019154277,0.99327993,9788936439439
0.0005045596,0.0005929876,0.00048447453,0.0006306949,0.9977873,9788936439446
0.0002459457,0.0002890496,0.0002361553,0.99891996,0.00030892118,9788936439507
0.5949308,0.00037976902,0.00031027364,0.40397328,0.00040587736,9788936439514
0.00046251636,0.99793434,0.00044410492,0.0005781413,0.00058094575,9788936439538
0.00034720803,0.00040805893,0.00033338668,0.99847525,0.00043611217,9788936439552
0.00037028786,0.0004351837,0.00035554776,0.9983739,0.0004651017,9788936439569
0.00034710148,0.00040793372,0.00033328435,0.0004338737,0.9984778,9788936439583
0.00026973343,0.0003170063,0.00025899612,0.9988155,0.00033879987,9788936439644
0.9985835,0.0003586799,0.0002930437,0.00038148792,0.00038333843,9788936439651
0.99838924,0.00040786577,0.00033322885,0.00043380144,0.0004359057,9788936439668
0.0002750819,0.00032329213,0.00026413167,0.998792,0.00034551782,9788936439675
0.001314926,0.001545377,0.0012625825,0.9942255,0.0016516185,9788936456221
0.0004783906,0.0005622323,0.00045934724,0.00059798395,0.9979021,9788936459093
0.0010241016,0.0012035834,0.0009833351,0.0012801178,0.99550885,9788936459574
0.98417044,0.00400815,0.0032746834,0.0042630234,0.0042837025,9788936473235
0.00035600076,0.99841,0.00034182938,0.0004449977,0.00044715632,9788936477936
0.0007911892,0.00092985126,0.0007596942,0.99652547,0.0009937767,9788936480615
0.0006447114,0.00075770216,0.0006190473,0.9971687,0.00080979266,9788937413810
0.0004023825,0.00047290316,0.9981164,0.00050297444,0.00050541427,9788937417351
0.00043361582,0.0005096104,0.00041635483,0.0005420158,0.99809843,9788937420528
0.0009544152,0.001121684,0.0009164227,0.0011930104,0.99581444,9788937420559
0.000440633,0.50243,0.00042309266,0.00055078726,0.49615544,9788937427909
0.00017162086,0.9069411,0.00016478913,0.092506915,0.00021556515,9788937428104
0.99801797,0.0005018697,0.00041003065,0.000533783,0.00053637224,9788937432941
0.0010640747,0.0012505621,0.9950187,0.0013300838,0.0013365358,9788937439933
0.99892527,0.0002721288,0.0002223309,0.0002894331,0.0002908371,9788937441912
0.00054387364,0.0006391917,0.9974539,0.00067983713,0.0006831349,9788937441943
0.31948933,0.00044700786,0.00036520817,0.00047543252,0.679223,9788937442698
0.0007489154,0.9966552,0.0007191032,0.0009361375,0.0009406785,9788937472374
0.0008930677,0.0010495847,0.8434812,0.0011163265,0.1534598,9788937472725
0.5559323,0.00013025347,0.00010641789,0.00013853612,0.44369248,9788937473036
0.49032986,0.00033312335,0.00027216383,0.00035430622,0.50871056,9788937473043
0.00024593223,0.00028903378,0.00023614238,0.00030741308,0.9989215,9788937473074
0.9988169,0.00029957673,0.00024475603,0.0003186264,0.00032017202,9788937473098
0.00044066686,0.0005178972,0.00042312517,0.0005508296,0.9980675,9788937473104
0.00019166565,0.00022525655,0.9991027,0.00023958032,0.00024074248,9788937473135
0.000630275,0.00074073556,0.0006051855,0.99723214,0.00079165964,9788937473142
0.0012014818,0.0014120509,0.0011536543,0.99472374,0.0015091266,9788937473166
0.000385561,0.00045313357,0.9981951,0.00048194776,0.0004842856,9788937473173
0.0003428965,0.00040299178,0.00032924677,0.9984942,0.00043069667,9788937473197
0.001024252,0.9954254,0.0009834794,0.0012803057,0.0012865162,9788937473265
0.0004785052,0.000562367,0.00045945725,0.99789864,0.00060102856,9788937473272
0.991481,0.0021570693,0.0017623389,0.0022942347,0.0023053635,9788937473289
0.00022411636,0.0002633945,0.00021519492,0.9990158,0.00028150235,9788937473296
0.00030525876,0.0003587577,0.00029310727,0.00038157066,0.99866134,9788937473302
0.00066007784,0.00077576167,0.00063380203,0.99710125,0.00082909374,9788937473319
0.00074889854,0.9966553,0.000719087,0.00093611644,0.00094065734,9788937473326
0.00016847962,0.000198007,0.00016177293,0.99926007,0.00021161957,9788937473364
0.00031212348,0.00036682552,0.00029969873,0.00039015152,0.99863124,9788937473371
0.9974256,0.0006518522,0.00053256727,0.00069330266,0.0006966657,9788937473401
0.00032680246,0.00038407714,0.0003137934,0.262591,0.73638433,9788937473814
0.00028645058,0.6958247,0.0002750478,0.00035806064,0.30325574,9788937473838
0.99693644,0.00077569945,0.0006337512,0.00082502514,0.0008290272,9788937473852
0.99825865,0.0004409371,0.00036024832,0.00046897572,0.00047125062,9788937473876
0.0004784194,0.0005622661,0.99776036,0.0005980199,0.00060092076,9788937473890
0.10380771,0.0008801875,0.8934353,0.0009361575,0.0009406986,9788937473913
0.99823487,0.00044695608,0.00036516585,0.00047537743,0.0004776834,9788939206489
0.0005043438,0.000592734,0.00048426734,0.99778515,0.0006334833,9788949123141
0.0005900654,0.0006934789,0.00056657655,0.00073757634,0.9974123,9788950971199
0.00029874072,0.00035109735,0.0002868487,0.0003734232,0.9986899,9788950986735
0.000660127,0.0007758194,0.00063384924,0.997101,0.00082915544,9788950995454
0.0038861425,0.0045672194,0.9818078,0.004857643,0.0048812064,9788950995461
0.0003701896,0.0004350682,0.0003554534,0.99837434,0.00046497828,9788952736253
0.00072905,0.9967439,0.0007000286,0.00091130595,0.0009157265,9788952738684
0.00042706187,0.9980926,0.00041006174,0.00053382345,0.00053641293,9788952766045
0.00029868507,0.998666,0.0002867953,0.00037335366,0.0003751647,9788954442145
0.00033462426,0.00039326976,0.0003213038,0.00041827728,0.99853253,9788954447546
0.9977794,0.0005622579,0.00045936817,0.0005980112,0.000600912,9788954448444
0.00025729794,0.00030239142,0.00024705564,0.0003216201,0.9988716,9788954448574
0.00017824437,0.9992039,0.00017114897,0.00022280385,0.00022388462,9788954449298
0.0010243262,0.9954251,0.0009835507,0.0012803985,0.0012866094,9788954449496
0.00043366395,0.000509667,0.00041640105,0.000542076,0.99809813,9788954449670
0.0018355869,0.0021572877,0.0017625174,0.0022944668,0.99195015,9788954449946
0.000838918,0.99625325,0.000805523,0.0010486399,0.0010537266,9788954450195
0.00054375984,0.000639058,0.99745446,0.0006796949,0.00068299193,9788954450225
0.0003752356,0.9983241,0.00036029855,0.00046904112,0.00047131634,9788954450416
0.0004867499,0.0005720566,0.9977214,0.000608433,0.00061138434,9788954450508
0.9962198,0.00095715217,0.0007819992,0.0010180162,0.0010229545,9788954450546
0.99610573,0.0009860425,0.0008056029,0.0010487438,0.0010538311,9788954450669
0.0006446978,0.0007576861,0.996982,0.00080586644,0.0008097755,9788954450713
0.5771521,0.00030244482,0.0002470993,0.42197514,0.0003232373,9788954450898
0.00023356707,0.00027450154,0.00022426945,0.00029195673,0.9989757,9788954451406
0.00069310225,0.0008145738,0.0006655118,0.9969562,0.0008705741,9788954451505
0.00048687556,0.0005722043,0.00046749445,0.0006085901,0.99786484,9788954451819
0.32253185,0.0005930983,0.38817018,0.288071,0.0006338726,9788954601382
0.0011059424,0.0012997675,0.0010619181,0.9951433,0.0013891238,9788954601924
0.0017226432,0.0020245498,0.0016540696,0.99243504,0.0021637336,9788954602280
0.0008651681,0.0010167955,0.99594986,0.0010814522,0.0010866981,9788954603980
0.0008146978,0.00095748,0.99618614,0.0010183649,0.0010233048,9788954610551
0.0006301129,0.0007405451,0.0006050299,0.99723285,0.0007914561,9788954610681
0.0021139754,0.002484466,0.0020298238,0.00264245,0.9907293,9788954611275
0.00076947577,0.0009043324,0.99639785,0.00096183777,0.00096650346,9788954612739
0.0002955717,0.00034737293,0.00028380583,0.5030213,0.49605188,9788954616515
0.0013804515,0.0016223864,0.0013254996,0.0017255519,0.99394614,9788954617246
0.00047844904,0.9978632,0.00045940335,0.000598057,0.00060095807,9788954617383
0.00089296774,0.0010494674,0.99581975,0.0011162016,0.0011216161,9788954620666
0.00047039686,0.00055283756,0.00045167172,0.00058799185,0.99793714,9788954622905
0.00025045784,0.00029435253,0.6360786,0.00031307002,0.3630635,9788954623254
0.00029242784,0.99869394,0.00028078715,0.00036553218,0.0003673053,9788954623292
0.99830425,0.00042938133,0.00035080718,0.00045668514,0.00045890044,9788954623360
0.00042074142,0.6615357,0.00040399292,0.000525923,0.33711365,9788954623377
0.00019302797,0.9991379,0.00018534408,0.00024128321,0.00024245364,9788954623414
0.00019716582,0.00023172068,0.00018931722,0.72781426,0.2715675,9788954635257
0.00039103357,0.00045956526,0.19978142,0.0004887884,0.79887915,9788954636247
0.48851413,0.00027452974,0.00022429248,0.00029198674,0.51069504,9788954636254
0.0019653428,0.0023097845,0.0018871082,0.0024566608,0.9913811,9788954637046
0.0015321545,0.0018006766,0.9928275,0.0019151793,0.0019244695,9788954637237
0.0012011384,0.9946354,0.0011533245,0.0015014121,0.0015086952,9788954637800
0.0010247584,0.4877221,0.0009839657,0.0012809387,0.50898826,9788954638241
0.00044067422,0.0005179058,0.00042313224,0.99806476,0.0005535108,9788954638746
0.6666262,0.00030229957,0.0002469806,0.33250144,0.00032308206,9788954639255
0.00039107067,0.99825335,0.00037550327,0.0004888348,0.00049120607,9788954640145
0.0009540746,0.99573886,0.0009160956,0.0011925846,0.0011983697,9788954640169
0.00021546365,0.9990377,0.00020688665,0.0002693276,0.00027063405,9788954640176
0.0006448376,0.99712,0.00061916845,0.0008060412,0.0008099511,9788954640756
0.9984287,0.00039787826,0.000325069,0.00042317886,0.0004252316,9788954641630
0.00040233025,0.00047284176,0.9981166,0.0005029092,0.00050534867,9788954641869
0.0006162013,0.0007241954,0.0005916721,0.0007702461,0.9972977,9788954642040
0.00045499642,0.00053473806,0.99787,0.0005687414,0.0005715002,9788954643306
0.005393983,0.0063393204,0.5954197,0.38607183,0.0067751356,9788954643504
0.00669039,0.007862933,0.0064240647,0.97061914,0.008403494,9788954643511
0.00017596611,0.00020680555,0.0001689614,0.00021995605,0.9992283,9788954643535
0.00023955025,0.0002815333,0.00023001444,0.00029943563,0.99894947,9788954646079
0.00081436994,0.99636286,0.00078195217,0.001017955,0.0010228929,9788954646727
0.9972615,0.0006933999,0.000566512,0.00073749234,0.0007410698,9788954648523
0.7390473,0.25955778,0.00038642267,0.0005030498,0.00050549005,9788954648882
0.00051379023,0.000603836,0.00049333775,0.99774367,0.0006453485,9788954648899
0.00039658073,0.00046608457,0.00038079396,0.9982585,0.00049812696,9788954648929
0.0011516799,0.9948563,0.0011058348,0.0014395895,0.0014465727,9788954651059
0.0016212789,0.0019054208,0.99241024,0.002026584,0.0020364146,9788954651127
0.0018359788,0.9918001,0.0017628937,0.002294957,0.0023060893,9788954651134
0.00089268596,0.0010491362,0.0008571507,0.9960798,0.0011212621,9788954651820
0.0019659384,0.9912197,0.00188768,0.0024574052,0.0024693257,9788954652841
0.0011060528,0.0012998972,0.001062024,0.9951428,0.0013892625,9788954652865
0.0010637791,0.9952489,0.0010214332,0.0013297143,0.0013361644,9788954653060
0.0005137323,0.00060376787,0.0004932821,0.9977439,0.0006452757,9788954653480
0.0006302246,0.9971853,0.00060513715,0.0007877751,0.0007915964,9788954653558
0.00031231617,0.3877495,0.00029988374,0.00039039238,0.6112479,9788954654081
0.00040839522,0.0004799697,0.99808824,0.0005104903,0.00051296665,9788954654098
0.0007918657,0.99646336,0.0007603438,0.000989825,0.0009946264,9788954654104
0.00048680964,0.9978258,0.00046743115,0.00060850766,0.0006114594,9788954654715
0.0030376536,0.003570026,0.9857798,0.0037970396,0.0038154582,9788954656238
0.9401614,0.015151528,0.012378892,0.016114995,0.016193165,9788954657556
0.0009878961,0.0011610327,0.00094857084,0.9956617,0.0012408514,9788954658164
0.00061606,0.0007240293,0.997116,0.0007700694,0.0007738049,9788954658720
0.0012562214,0.0014763841,0.0012062149,0.0015702655,0.9944909,9788954670630
0.0005043549,0.000592747,0.00048427796,0.9977851,0.0006334972,9788954672023
0.00048689696,0.254813,0.000467515,0.743621,0.0006115691,9788954672214
0.00092258555,0.9958795,0.00088586,0.0011532236,0.0011588177,9788954672221
0.99792266,0.0005259981,0.00042974373,0.0005594457,0.00056215946,9788954672771
0.99678475,0.0008141199,0.000665141,0.0008658887,0.000870089,9788954673105
0.48812363,0.51087326,0.00027787825,0.00036174533,0.0003635001,9788954673952
0.00061619125,0.00072418357,0.0005916624,0.0007702335,0.99729776,9788954674492
0.0017226344,0.0020245395,0.0016540613,0.9924351,0.0021637224,9788954674621
0.00071052084,0.0008350451,0.00068223703,0.9968797,0.00089245284,9788954674805
0.0016215482,0.0019057372,0.992409,0.0020269207,0.0020367529,9788954675321
0.00021220895,0.0002494002,0.30685383,0.00026525927,0.6924193,9788954675376
0.00028063852,0.0003298226,0.0002694671,0.9987676,0.00035249724,9788954675574
0.0022872011,0.002688051,0.002196154,0.9899557,0.002872849,9788954675604
0.00027510602,0.0003233205,0.00026415483,0.00034388003,0.99879354,9788954676281
0.0006298768,0.0007402676,0.99705136,0.0007873403,0.0007911595,9788954677707
0.9935946,0.0016219096,0.0013251101,0.0017250448,0.0017334126,9788954678148
0.0006759902,0.00079446274,0.00064908096,0.0008449816,0.9970355,9788954678407
0.000659944,0.0007756044,0.9969106,0.0008249241,0.00082892564,9788954678674
0.012895315,0.01515532,0.0123819895,0.9433701,0.016197218,9788954678766
0.00028642963,0.9987207,0.00027502768,0.00035803442,0.0003597712,9788954679732
0.00031559897,0.00037091016,0.99852264,0.00039449584,0.00039640948,9788954679930
0.0012557232,0.0014757984,0.0012057364,0.9944855,0.0015772566,9788954680004
0.00014638044,0.45620155,0.00014055346,0.00018297423,0.5433285,9788954680400
0.00040238223,0.00047290284,0.00038636453,0.99823296,0.000505414,9788954680417
0.0007913864,0.0009300831,0.0007598836,0.0009892259,0.99652946,9788954680691
0.00033056745,0.00038850197,0.99845254,0.00041320632,0.0004152107,9788954681155
0.00028340428,0.99873424,0.00027212276,0.00035425278,0.0003559712,9788954681179
0.00054372003,0.0006390112,0.0005220761,0.0006796451,0.9976156,9788954682152
0.0005901247,0.9973644,0.00056663353,0.00073765055,0.00074122875,9788954682749
0.99686265,0.0007943955,0.000649026,0.00084491016,0.0008490086,9788954682855
0.0003701982,0.0004350783,0.99826705,0.00046274439,0.00046498905,9788954683739
0.00067606434,0.0007945499,0.00064915215,0.0008450743,0.9970352,9788954684736
0.0003156254,0.0003709412,0.00030306124,0.0003945289,0.99861586,9788954685436
0.00089296355,0.0010494624,0.00085741724,0.99607855,0.0011216108,9788954685887
0.00045510987,0.0005348714,0.00043699323,0.99800134,0.00057164277,9788954686921
0.00040818742,0.9981769,0.00039193864,0.0005102306,0.0005127056,9788954687041
0.0016219807,0.0019062455,0.0015574143,0.9928771,0.002037296,9788954688079
0.0002778316,0.00032652373,0.9986994,0.000347287,0.0003489716,9788954688697
0.00083942915,0.0009865457,0.0008060139,0.99631363,0.0010543687,9788954688994
0.0009223891,0.0010840449,0.0008856714,0.9959493,0.0011585709,9788954691505
0.0011520281,0.99485475,0.0011061692,0.0014400247,0.00144701,9788954691581
0.000356034,0.9984098,0.0003418613,0.00044503927,0.00044719808,9788954691741
0.99747556,0.00063919055,0.00052222266,0.0006798359,0.00068313367,9788954692526
0.0010640749,0.99524754,0.0010217171,0.0013300839,0.0013365359,9788954693271
0.00038570442,0.9982773,0.0003703506,0.000482127,0.0004844657,9788954693288
0.99610573,0.0009860457,0.0008056054,0.0010487471,0.0010538343,9788954693462
0.00022415289,0.9989989,0.00021523,0.00028018907,0.00028154821,9788954693615
0.9987483,0.00031694307,0.00025894443,0.0003370971,0.00033873226,9788954694148
0.5878766,0.00034013612,0.0002778933,0.41114184,0.0003635198,9788954694179
0.00040235202,0.00047286734,0.9981165,0.00050293637,0.000505376,9788954694773
0.0012556602,0.0014757244,0.001205676,0.0015695639,0.99449337,9788954695053
0.00011450548,0.00013457346,0.000109947345,0.8195153,0.18012568,9788954695176
0.00030875814,0.62933457,0.00029646736,0.00038594488,0.36967427,9788954695190
0.00040242172,0.00047294926,0.00038640245,0.9982328,0.00050546357,9788954695398
0.00031936442,0.00037533554,0.00030665143,0.99859756,0.00040113908,9788954695978
0.6588138,0.0004943158,0.00040385904,0.3397598,0.000528299,9788954696227
0.99810535,0.00047975383,0.00039196183,0.00051026075,0.0005127359,9788954697224
0.00037034374,0.26164854,0.00035560143,0.0004629263,0.7371626,9788954697941
0.00030867,0.46360883,0.5353089,0.0003858347,0.0003877063,9788954698047
0.99686164,0.0007946519,0.0006492355,0.0008451828,0.00084928266,9788954698207
0.99781656,0.00055285945,0.00045168956,0.0005880151,0.0005908674,9788954698214
0.000577867,0.9974191,0.0005548638,0.0007223285,0.00072583236,9788954698788
0.0008932322,0.9960106,0.00085767516,0.0011165321,0.0011219482,9788954698986
0.99785316,0.0005435833,0.00044411092,0.0005781491,0.0005809536,9788954698993
0.00025726605,0.00030235393,0.9987957,0.00032158024,0.00032314018,9788954699006
0.00031204527,0.00036673367,0.99853927,0.00039005378,0.00039194585,9788954699044
0.00055462855,0.0006518315,0.9974036,0.00069328066,0.00069664366,9788954699235
0.0003703376,0.00043524217,0.00035559552,0.9983737,0.0004651642,9788954699280
0.0012012323,0.0014117577,0.0011534147,0.9947248,0.0015088132,9788954699372
0.99878377,0.0003079605,0.0002516056,0.00032754333,0.00032913216,9788954699716
0.0006026185,0.00070823205,0.00057862996,0.99735355,0.0007569216,9788954699723
0.00031553378,0.9985907,0.00030297326,0.00039441435,0.00039632758,9788954699730
0.00019996923,0.9991069,0.00019200903,0.00024995973,0.00025117223,9788954699808
0.0003966541,0.99822843,0.00038086443,0.000495814,0.00049821916,9788954699914
0.00029561252,0.00034742092,0.31305945,0.4673455,0.21895204,9788956057859
0.00015198684,0.00017862373,0.00014593668,0.00018998218,0.99933344,9788956253534
0.00048678028,0.0005720923,0.9977212,0.00060847093,0.0006114225,9788956602998
0.00022969146,0.99897414,0.0002205481,0.00028711226,0.00028850496,9788956604992
0.0011515891,0.001353414,0.99460906,0.0014394759,0.0014464585,9788956607030
0.5047261,0.0008802161,0.000719142,0.49273387,0.00094072917,9788956609454
0.00020140811,0.00023670646,0.00019339063,0.00025175832,0.9991167,9788956609959
0.00060281774,0.0007084663,0.997178,0.00075351674,0.0007571719,9788957073513
0.00044056828,0.0005177813,0.00042303052,0.99806523,0.00055337773,9788957079263
0.0005137018,0.00060373207,0.0004932528,0.00064212264,0.99774724,9788958284475
0.00029870577,0.99866587,0.00028681514,0.0003733795,0.0003751907,9788959130580
0.9990586,0.00023837373,0.0001947528,0.00025353162,0.00025476146,9788959133918
0.4406595,0.00022844115,0.00018663783,0.55868125,0.000244146,9788959134823
0.0004955446,0.9977868,0.00047581835,0.00061942625,0.00062243093,9788959136681
0.00026459512,0.00031096747,0.99876136,0.0003307415,0.00033234584,9788959139767
0.0018357799,0.0021575147,0.0017627027,0.0022947083,0.99194926,9788959524082
0.00052345626,0.00061519607,0.00050261896,0.0006543156,0.99770445,9788959526116
0.0005779349,0.0006792225,0.00055492896,0.997462,0.0007259177,9788959526215
0.0005234316,0.000615167,0.00050259527,0.0006542847,0.99770457,9788960902572
0.0006446474,0.0007576269,0.44518116,0.5526069,0.0008097122,9788960905481
0.0002645918,0.00031096357,0.00025405915,0.99883807,0.0003323417,9788960907003
0.00056606164,0.052005604,0.00054352835,0.000707572,0.94617724,9788960907348
0.00040824283,0.0004797906,0.00039199187,0.9982072,0.0005127752,9788960907706
0.00067587144,0.00079432316,0.00064896693,0.0008448332,0.99703604,9788960908277
0.0013799749,0.0016218262,0.99353987,0.0017249561,0.0017333236,9788960908826
0.0004477156,0.00052618125,0.00042989332,0.1865142,0.812082,9788960908833
0.00083927973,0.00098637,0.99607104,0.001049092,0.001054181,9788960908925
0.0003966256,0.99822855,0.00038083707,0.0004957784,0.00049818336,9788963710020
0.72612065,0.2724212,0.0004039192,0.000525827,0.00052837766,9788963710051
0.0038863681,0.0045674844,0.0037316629,0.0048579248,0.9829565,9788963710341
0.0034094143,0.9847728,0.0032736952,0.004261737,0.00428241,9788963717555
0.0017220221,0.4962444,0.4977181,0.0021525118,0.0021629534,9788963717562
0.00046255896,0.000543626,0.00044414581,0.0005781945,0.99797153,9788963717579
0.0005044399,0.0005928469,0.00048435954,0.00063054526,0.99778783,9788963717586
0.00048685024,0.00057217455,0.00046747012,0.997862,0.00061151036,9788965702313
0.00021721936,0.14043558,0.00020857248,0.27848497,0.5806536,9788965708322
0.00027792386,0.557819,0.0002668605,0.44128707,0.00034908747,9788965708339
0.00017697788,0.00020799464,0.9991715,0.00022122075,0.00022229385,9788965744023
0.00017697776,0.0002079945,0.9991715,0.0002212206,0.0002222937,9788965744030
0.00017697783,0.00020799457,0.9991715,0.00022122069,0.00022229379,9788965744047
0.00020585123,0.00024192827,0.00019765689,0.999096,0.00025856035,9788965749202
0.000174826,0.0002054656,0.00016786667,0.99923223,0.00021959096,9788965749219
0.00044062792,0.0005178514,0.00042308777,0.0005507809,0.9980677,9788967998103
0.00039110315,0.00045964704,0.00037553447,0.00048887543,0.9982849,9788970125336
0.00026463825,0.17319976,0.00025410377,0.3379656,0.48831585,9788970125640
0.00055488595,0.00065213407,0.00053279754,0.00069360243,0.99756664,9788970125947
0.0003607264,0.49489215,0.0003463669,0.5039477,0.00045309198,9788970129983
0.0004206722,0.99812114,0.00040392647,0.0005258365,0.0005283872,9788971998144
0.0005778088,0.0006790744,0.00055480795,0.00072225585,0.9974661,9788971998984
0.99632716,0.0009299715,0.00075979246,0.0009891072,0.0009939051,9788972750888
0.0004550536,0.0005348053,0.00043693924,0.0005688129,0.99800444,9788972751694
0.0007490311,0.9966547,0.0007192143,0.0009362821,0.0009408238,9788972757962
0.00028632928,0.0003365107,0.0002749313,0.00035790898,0.9987443,9788972759324
0.65335894,0.00024745666,0.34586594,0.0002631921,0.00026446878,9788972759706
0.00034708946,0.0004079196,0.00033327282,0.0004338587,0.9984779,9788974564698
0.00095439784,0.0011216635,0.000916406,0.0011929887,0.99581456,9788982819278
0.00026462474,0.0003110023,0.0002540908,0.00033077854,0.9988395,9788982819926
0.00020289652,0.00023845573,0.0001948198,0.00025361884,0.99911016,9788984317437
0.00017709969,0.2352005,0.00017004985,0.2942207,0.4702317,9788984374713
0.0015317638,0.0018002173,0.0014707886,0.99327326,0.0019239787,9788990878052
0.0015337218,0.0018025186,0.0014726687,0.9932647,0.0019264381,9788994006987
0.00041437327,0.0004869954,0.00039787826,0.00051796285,0.99818283,9788994197821
0.0010247217,0.0012043121,0.0009839303,0.0012808928,0.99550617,9788997066841
0.0001695339,0.9992428,0.00016278523,0.00021191585,0.00021294379,9788997870752
0.94013894,0.015157219,0.012383541,0.016121047,0.016199248,9788998751210
0.95908564,0.010359787,0.00846401,0.011018553,0.011072002,9791127507275
0.0018377021,0.0021597736,0.63722867,0.35646564,0.002308254,9791130606392
0.6297219,0.0002815236,0.36939633,0.0002994253,0.00030087776,9791130608945
0.00033455095,0.00039318364,0.9984339,0.00041818566,0.0004202142,9791130625904
0.99907196,0.00023499463,0.00019199206,0.00024993764,0.00025115005,9791130629032
0.00023162487,0.00027221895,0.00022240456,0.000289529,0.9989842,9791130629612
0.00055497285,0.00065223617,0.6804805,0.3176152,0.0006970761,9791130630793
0.0005902825,0.0006937341,0.000566785,0.41841492,0.57973427,9791130631837
0.00019304946,0.00022688288,0.00018536471,0.00024131007,0.9991534,9791130646350
0.00033460223,0.99850553,0.00032128269,0.00041824975,0.0004202786,9791130647975
0.00027238743,0.00032012546,0.00026154445,0.99880385,0.00034213343,9791130648590
0.9978531,0.00054359954,0.00044412416,0.00057816633,0.0005809709,9791130651873
0.00030194328,0.00035486117,0.00028992377,0.00037742636,0.9986759,9791130653495
0.0006599446,0.00077560503,0.0006336741,0.99710184,0.0008289263,9791130655840
0.0004336844,0.9980631,0.00041642066,0.00054210157,0.0005447312,9791130657820
0.00040830238,0.00047986058,0.00039204903,0.0005103743,0.9982094,9791130692258
0.0002355251,0.00027680272,0.00022614952,0.00029440425,0.9989671,9791130698205
0.00056611304,0.99747163,0.00054357765,0.0007076361,0.00071106874,9791141600143
0.0004549243,0.0005346533,0.00043681505,0.9980022,0.00057140965,9791141600785
0.00050436024,0.9977474,0.0004842831,0.0006304458,0.00063350395,9791141600877
0.00042710348,0.00050195673,0.00041010173,0.9981244,0.00053646526,9791141600952
0.72461367,0.27425352,0.00031379555,0.00040850294,0.0004104845,9791141601102
0.998077,0.0004869348,0.00039782873,0.00051789836,0.0005204106,9791141601218
0.00022410484,0.00026338096,0.9989509,0.00028012902,0.00028148785,9791141601249
0.00072906475,0.000856839,0.00070004276,0.00091132434,0.99680275,9791141601256
0.00040823244,0.0004797784,0.99808896,0.0005102869,0.00051276217,9791141601270
0.0008651712,0.996136,0.0008307312,0.0010814562,0.0010867021,9791141601300
0.00055471563,0.0006519339,0.000532634,0.99756396,0.00069675304,9791141601447
0.9972611,0.0006934979,0.00056659203,0.00073759654,0.0007411745,9791141601508
0.0010241454,0.0012036349,0.0009833771,0.0012801725,0.9955087,9791141601591
0.99774027,0.00057217275,0.00046746864,0.0006085565,0.00061150844,9791141606442
0.99761516,0.0006038455,0.0004933455,0.0006422433,0.0006453587,9791141606589
0.00038577002,0.29534948,0.00037041362,0.70340973,0.00048454813,9791141607005
0.9969367,0.00077564205,0.0006337043,0.00082496414,0.00082896586,9791141607159
0.0003346122,0.0003932556,0.00032129226,0.00041826224,0.9985326,9791141607241
0.0005335416,0.00062704895,0.00051230285,0.99765694,0.0006701573,9791141607265
0.0003654939,0.00042954955,0.00035094464,0.00045686407,0.9983972,9791141607272
0.0007487321,0.0008799533,0.00071892724,0.9967119,0.0009404483,9791155351314
0.00033055624,0.0003884888,0.9984526,0.00041319232,0.00041519664,9791155351406
0.00057771825,0.0006789679,0.00055472093,0.0007221426,0.9974665,9791155351413
0.0022893187,0.0026905397,0.989283,0.0028616276,0.0028755087,9791156620129
0.0010245173,0.001204072,0.9952039,0.0012806375,0.0012868495,9791156621744
0.00095421827,0.0011214524,0.0009162336,0.0011927643,0.99581534,9791156758723
0.0005779247,0.0006792105,0.0005549192,0.00072240067,0.9974656,9791157403530
0.99865717,0.00034002314,0.00027780098,0.00036164478,0.00036339904,9791157404018
0.0003754444,0.00044124396,0.00036049902,0.6127423,0.3860805,9791157404049
0.9978884,0.000534663,0.00043682294,0.0005686615,0.00057142,9791157404070
0.0003752385,0.000441002,0.99824345,0.00046904472,0.00047131997,9791157404094
0.0005547494,0.00065197353,0.0005326664,0.9975638,0.0006967954,9791157404148
0.00041444722,0.00048708232,0.00039794925,0.38272628,0.61597425,9791157404438
0.0005546733,0.0006518842,0.0005325934,0.00069333665,0.99756753,9791158883737
0.00040827558,0.9981765,0.0003920233,0.0005103408,0.00051281636,9791158886356
0.001721779,0.0020235342,0.0016532398,0.0021522082,0.9924492,9791158887254
0.00054397655,0.0006393127,0.0005223224,0.9976111,0.00068326417,9791159096112
0.00026973354,0.00031700643,0.99873734,0.00033716447,0.0003388,9791159099694
0.00010695936,0.00012570483,0.00010270162,0.00013369824,0.999531,9791159258145
0.00014479952,0.00017017676,0.00013903546,0.00018099809,0.999365,9791159258152
0.9970752,0.0007405667,0.00060504756,0.0007876584,0.0007914792,9791159258848
0.00031216664,0.00036687628,0.00029974018,0.99862915,0.0003920983,9791159922992
0.57564676,0.00072425854,0.00059172366,0.0007703132,0.4222669,9791160261561
0.0002923335,0.99869436,0.00028069655,0.00036541425,0.00036718682,9791160262063
0.002287861,0.0026888265,0.0021967876,0.9899528,0.0028736778,9791160262827
0.000347106,0.00040793902,0.0003332887,0.00043387935,0.9984778,9791160262988
0.00025029885,0.99888206,0.00024033517,0.0003128713,0.00031438898,9791160263299
0.00060281996,0.00070846884,0.00057882344,0.0007535195,0.9973564,9791160273090
0.0010251236,0.0012047846,0.0009843165,0.0012813953,0.9955044,9791160274493
0.00044054614,0.0005177553,0.9979377,0.0005506787,0.0005533499,9791160274509
0.00042728143,0.99809164,0.00041027257,0.0005340979,0.0005366887,9791160401745
0.0011516585,0.9948564,0.0011058142,0.0014395626,0.0014465457,9791160402247
0.00056585926,0.0006650305,0.000543334,0.00070731895,0.9975185,9791160402285
0.99825853,0.0004409628,0.0003602693,0.00046900305,0.0004712781,9791160404203
0.0008931833,0.0010497207,0.99581873,0.001116471,0.0011218868,9791160404517
0.0004205289,0.0004942299,0.00040378887,0.99815327,0.0005282072,9791160404944
0.0009881071,0.0011612806,0.00094877335,0.9956607,0.0012411163,9791160405101
0.00030189683,0.0003548066,0.00028987916,0.0003773683,0.99867606,9791160405750
0.0005778818,0.00067916006,0.3481222,0.6498949,0.000725851,9791160405781
0.9977799,0.0005621412,0.00045927282,0.00059788703,0.0006007873,9791160406504
0.9957191,0.0010839695,0.0008856097,0.0011528977,0.0011584902,9791160406832
0.0008932585,0.001049809,0.0008577004,0.9960773,0.0011219813,9791160407341
0.9987721,0.00031091744,0.00025402146,0.0003306883,0.00033229237,9791160408331
0.0016214362,0.9927583,0.0015568915,0.0020267805,0.002036612,9791160515978
0.0019651044,0.0023095042,0.0018868791,0.0024563626,0.9913821,9791160940602
0.000814658,0.99636155,0.00078222883,0.0010183152,0.0010232548,9791160943146
0.99804777,0.00049432786,0.00040386888,0.0005257615,0.0005283119,9791160944068
0.0021140566,0.0024845616,0.9901035,0.0026425517,0.0026553702,9791160944266
0.0009545498,0.9957367,0.0009165519,0.0011931787,0.0011989665,9791160945188
0.00057761814,0.0006788502,0.00055462477,0.99746335,0.0007255198,9791160949704
0.0008390129,0.99625283,0.00080561417,0.0010487585,0.0010538459,9791161571188
0.00027498507,0.00032317833,0.9987127,0.00034372884,0.0003453962,9791161571331
0.0021141544,0.99055773,0.0020299961,0.002642674,0.002655493,9791161571379
0.00018288677,0.00021493911,0.00017560658,0.00022860682,0.9991979,9791161571492
0.5590287,0.43995753,0.00028082926,0.00036558704,0.00036736042,9791161571744
0.00014868783,0.9993359,0.000142769,0.00018585846,0.00018676002,9791161571768
0.9976589,0.00059277803,0.0004843033,0.00063047203,0.0006335303,9791161571782
0.9985008,0.00037960423,0.00031013897,0.00040374277,0.00040570126,9791161571829
0.00018293667,0.71918774,0.2801709,0.00022866917,0.00022977841,9791161571904
0.00037519546,0.0004409514,0.00036026002,0.00046899094,0.9983546,9791161571959
0.00049561734,0.99778646,0.00047588826,0.00061951723,0.0006225224,9791161572024
0.00021877776,0.00025712026,0.9989759,0.0002734702,0.00027479677,9791161572055
0.00016553159,0.34984255,0.6495771,0.00020691298,0.00020791667,9791161572062
0.012899191,0.015159874,0.93961495,0.016123872,0.016202085,9791161952314
0.50397855,0.0004239728,0.00034638838,0.00045093268,0.49480015,9791162203392
0.994172,0.0014757036,0.0012056589,0.0015695418,0.0015771552,9791162950333
0.00045504468,0.0005347948,0.00043693066,0.0005688017,0.99800444,9791162950340
0.0011059832,0.0012998154,0.9948225,0.001382469,0.001389175,9791163161479
0.9981325,0.0004728593,0.00038632896,0.0005029278,0.0005053674,9791163164883
0.9977793,0.0005622944,0.000459398,0.00059805,0.000600951,9791163165941
0.0010634393,0.0012498153,0.0010211068,0.0013292895,0.99533635,9791163169758
0.0004703582,0.9978993,0.0004516346,0.00058794353,0.00059079553,9791163501190
0.00032296387,0.00037956578,0.0003101076,0.9985817,0.0004056602,9791164050710
0.00017705142,0.00020808105,0.0001700035,0.99922246,0.00022238621,9791164052011
0.00092300953,0.6223148,0.3744491,0.0011537536,0.0011593502,9791164052455
0.00029246334,0.00034371982,0.0002808212,0.6865399,0.31254315,9791164161874
0.0002893636,0.00034007683,0.9986454,0.00036170188,0.00036345643,9791164798728
0.99848366,0.00038394835,0.0003136882,0.00040836315,0.00041034404,9791164798926
0.00064478087,0.99712026,0.00061911397,0.0008059702,0.0008098798,9791165300005
0.00012695951,0.999433,0.000121905614,0.00015869824,0.00015946805,9791165341909
0.28598338,0.41615698,9.055325e-05,0.29765064,0.000118455166,9791165343729
0.000114482566,0.31475285,0.00010992534,0.46711594,0.2179068,9791165345204
0.0001771163,0.18938044,0.0001700658,0.00022139377,0.81005096,9791165345839
0.0001494611,0.00017565532,0.9993003,0.00018682503,0.00018773128,9791165347734
0.00028944307,0.99870723,0.00027792115,0.0003618012,0.00036355623,9791165348144
0.00019164647,0.000225234,0.00018401757,0.9991583,0.0002407184,9791165348274
0.00019164647,0.000225234,0.00018401757,0.9991583,0.0002407184,9791165348281
0.00074878975,0.000880021,0.99649465,0.0009359804,0.00094052067,9791165349547
0.99541444,0.0011610958,0.00094862236,0.0012349284,0.0012409188,9791165508340
0.0010635642,0.0012499621,0.0010212268,0.9953294,0.0013358945,9791165508845
0.0011058338,0.6708709,0.0010618137,0.0013822822,0.32557917,9791165700171
0.00049548317,0.00058232044,0.9976805,0.0006193495,0.0006223538,9791165700652
0.0003702242,0.99834645,0.00035548664,0.00046277692,0.00046502176,9791165700812
0.00045492707,0.9979682,0.0004368177,0.0005686547,0.00057141314,9791165701222
0.8447957,0.002486418,0.0020314187,0.002644526,0.14804193,9791165701789
0.002289312,0.0026905315,0.0021981809,0.9899464,0.0028755004,9791165702069
0.0005442285,0.0006396087,0.4451769,0.0006802806,0.55295897,9791165702137
0.99823505,0.00044691228,0.00036513008,0.00047533086,0.00047763658,9791165702144
0.00036539556,0.000429434,0.00035085023,0.9983954,0.00045895673,9791165702175
0.0024949736,0.9888569,0.002395656,0.0031186945,0.0031338227,9791165702199
0.00072930666,0.9967428,0.00070027506,0.00091162673,0.0009160488,9791165702236
0.0012562803,0.0014764534,0.0012062715,0.0015703391,0.9944906,9791165702359
0.0024944332,0.002931602,0.0023951367,0.9890457,0.0031331438,9791165702670
0.0014530509,0.9935103,0.0013952091,0.0018163004,0.001825111,9791165702816
0.9968625,0.00079443754,0.00064906036,0.0008449548,0.0008490535,9791165793203
0.0005333809,0.00062686007,0.00051214854,0.0006667213,0.99766093,9791165797102
0.00033059774,0.0003885376,0.9984524,0.0004132442,0.00041524877,9791166686603
0.00019437914,0.00022844561,0.00018664147,0.00024297218,0.99914753,9791166687204
0.9969365,0.0007756938,0.0006337466,0.0008250192,0.0008290212,9791166687372
0.00092272495,0.0010844397,0.0008859939,0.9959479,0.0011589928,9791166687389
0.00086537364,0.0010170371,0.0008309256,0.0010817093,0.99620503,9791166833281
0.0005779169,0.00067920133,0.0005549117,0.99746203,0.00072589505,9791166836008
0.9968621,0.00079452345,0.00064913055,0.0008450462,0.00084914535,9791166836114
0.00028939376,0.32852244,0.0002778738,0.00036173957,0.67054856,9791166838248
0.00015618023,0.00018355204,0.99926883,0.00019522388,0.00019617088,9791166839320
0.0006929013,0.0008143377,0.0006653189,0.0008661204,0.99696136,9791167140661
0.00081457745,0.0009573385,0.0007821515,0.0010182145,0.9964278,9791167140678
0.0009886834,0.0011619579,0.99537164,0.0012358453,0.0012418402,9791167140685
0.0004625987,0.0005436727,0.99783444,0.00057824416,0.0005810491,9791167140708
0.00043372842,0.0005097427,0.9979696,0.00054215663,0.0005447865,9791167140722
0.16463661,0.3761174,0.45893756,0.00015386553,0.0001546119,9791167140739
0.00044765556,0.0005261107,0.0004298357,0.9980341,0.0005622798,9791167370280
0.0004405306,0.000517737,0.99793774,0.00055065926,0.0005533304,9791167370624
0.0010244944,0.99542433,0.0009837123,0.0012806088,0.0012868207,9791167371898
8.693901e-05,0.000102175756,0.6615787,0.3381229,0.00010920013,9791167372017
0.00022964744,0.00026989495,0.4106539,0.5885581,0.0002884497,9791167372024
0.000212176,0.0002493615,0.00020372988,0.00026521808,0.99906945,9791167372253
0.0010638686,0.0012503199,0.9950197,0.0013298262,0.0013362769,9791167372703
0.99598444,0.0010167558,0.0008306958,0.0010814101,0.0010866558,9791167372864
0.9973185,0.000678962,0.0005547161,0.0007221363,0.0007256392,9791167372895
0.0007487301,0.0008799509,0.99649495,0.0009359058,0.0009404457,9791167373076
0.14133634,0.001121585,0.42568156,0.43066183,0.0011986917,9791167373441
0.00025261563,0.99887174,0.00024255972,0.00031576725,0.00031729898,9791167373618
0.0013150502,0.001545523,0.9938438,0.0016438009,0.0016517746,9791167373885
0.0012017032,0.9946329,0.0011538669,0.0015021182,0.0015094046,9791167374059
0.0006760926,0.00079458306,0.0006491793,0.9970309,0.0008492091,9791167374134
0.00052338,0.00061510643,0.00050254574,0.9977015,0.0006573938,9791167374219
0.000523646,0.00061541906,0.0005028012,0.00065455283,0.9977036,9791167374233
0.00018788164,0.2424615,0.15173255,0.00023485035,0.6053832,9791167374288
0.9841698,0.004008316,0.003274819,0.0042632,0.00428388,9791167374325
0.30862984,0.00032996782,0.00026958573,0.00035095005,0.6904196,9791167374363
0.98842585,0.0029306395,0.0023943505,0.0031169953,0.0031321151,9791167374462
0.00025488672,0.0002995576,0.0002447404,0.9988807,0.0003201516,9791167374486
0.00022966608,0.00026991687,0.9989249,0.00028708053,0.0002884731,9791167374561
0.00081454177,0.0009572966,0.0007821172,0.9964229,0.0010231087,9791167374752
0.00081444974,0.00095718843,0.99618727,0.0010180548,0.0010229932,9791167763679
0.9944206,0.0014127591,0.0011542328,0.0015025946,0.0015098833,9791167763686
0.00046263688,0.9979338,0.00044422064,0.00057829195,0.0005810971,9791167763693
0.0006302281,0.9971853,0.0006051405,0.0007877794,0.0007916008,9791167763983
0.4415211,0.14195432,0.0002996953,0.41583288,0.0003920396,9791167900821
0.0013158215,0.380516,0.6148707,0.001644765,0.0016527434,9791167901347
0.0003855413,0.998278,0.000370194,0.00048192314,0.00048426085,9791167901354
0.00044049247,0.00051769224,0.9979379,0.0005506116,0.0005532825,9791167901507
0.99610597,0.0009859869,0.00080555736,0.0010486845,0.0010537715,9791167902160
0.99200684,0.0020239358,0.001653568,0.0021526353,0.0021630772,9791167902184
0.0006300775,0.0007405035,0.00060499593,0.997233,0.0007914116,9791167902214
0.00086525973,0.0010169032,0.0008308162,0.99620014,0.0010868133,9791167902375
0.0006599475,0.00077560847,0.0006336769,0.0008249284,0.9971059,9791167902412
0.9964287,0.00090426166,0.00073878735,0.0009617625,0.00096642785,9791167902436
0.18353795,0.000296971,0.00024262715,0.48827276,0.32764968,9791167902498
0.00039656356,0.0004660644,0.0003807775,0.00049570086,0.9982609,9791167902504
0.00032689108,0.0003841813,0.26667127,0.00040861088,0.732209,9791167902535
0.0006301032,0.9971858,0.0006050206,0.00078762334,0.0007914439,9791167902580
0.41255328,0.5866302,0.000226182,0.00029444654,0.00029587484,9791167902627
0.00035161115,0.13905478,0.0003376145,0.00043951074,0.85981643,9791167902696
0.9987481,0.00031698376,0.00025897767,0.00033714034,0.00033877575,9791167902740
0.0009880839,0.0011612533,0.0009487511,0.0012350959,0.9956668,9791167902788
0.0008652545,0.001016897,0.99594945,0.0010815603,0.0010868066,9791167902863
0.00051391806,0.0006039862,0.00049346045,0.2855501,0.71283853,9791167902887
0.5455008,0.00088066113,0.0007195056,0.45195785,0.00094120484,9791168011267
0.00025494673,0.00029962815,0.00024479805,0.99888045,0.00032022697,9791168123151
0.00039099896,0.99825364,0.0003754344,0.00048874517,0.00049111596,9791168127012
0.0008145159,0.0009572662,0.996187,0.0010181376,0.0010230764,9791168127081
0.00039107542,0.99825335,0.0003755078,0.00048884074,0.000491212,9791168127104
0.0010639713,0.0012504406,0.0010216177,0.0013299545,0.995334,9791168127128
0.00057785236,0.0006791255,0.00055484974,0.0007223102,0.9974659,9791168127166
0.0008649793,0.0010165736,0.99595076,0.0010812163,0.001086461,9791168127289
0.0004955885,0.9977866,0.00047586058,0.0006194812,0.0006224862,9791168127319
0.0006760307,0.9969807,0.00064911984,0.0008450322,0.0008491313,9791168127357
0.00053356023,0.00062707084,0.9975022,0.0006669455,0.0006701807,9791168127425
0.00074855314,0.0008797429,0.00071875536,0.9967127,0.00094022346,9791168127500
0.9986571,0.00034003364,0.0002778096,0.00036165596,0.00036341028,9791168340930
0.00046246182,0.0005435119,0.00044405254,0.9979691,0.0005808772,9791168340947
0.9981325,0.00047286306,0.00038633202,0.0005029318,0.0005053714,9791168341197
0.00030198344,0.99865127,0.00028996234,0.00037747656,0.0003793076,9791168341326
0.36117288,0.6378442,0.0002722639,0.0003544365,0.0003561558,9791168341432
0.99851817,0.00037521636,0.00030655408,0.00039907589,0.00040101173,9791168341630
0.00052357424,0.0006153347,0.00050273223,0.000654463,0.9977039,9791168341760
0.00052358536,0.9976616,0.00050274294,0.000654477,0.0006576517,9791168341821
0.9974247,0.0006520683,0.0005327438,0.00069353246,0.00069689663,9791168341968
0.00037519773,0.00044095409,0.99824363,0.0004689938,0.00047126878,9791168342095
0.0003471977,0.00040804682,0.00033337675,0.9984753,0.00043609922,9791168342316
0.0004144244,0.0004870555,0.00039792736,0.9981801,0.0005205396,9791168342408
0.0002750456,0.00032324952,0.9987125,0.00034380454,0.00034547228,9791168342569
0.5508721,0.001801513,0.443485,0.001916069,0.0019253634,9791169083812
0.0012022407,0.0014129428,0.22121446,0.00150279,0.77466756,9791169811248
0.00055474864,0.00065197266,0.00053266564,0.9975638,0.0006967944,9791169811279
0.0003230224,0.99855727,0.0003101638,0.00040377508,0.0004057337,9791169811545
0.0003307209,0.00038868233,0.00031755585,0.9985477,0.00041540345,9791169811903
0.00050447765,0.0005928913,0.00048439583,0.00063059246,0.99778765,9791169812108
0.00024165535,0.0002840073,0.99886876,0.000302067,0.00030353226,9791170321019
0.0004476511,0.9980007,0.00042983142,0.00055955985,0.0005622742,9791170402480
0.00048680222,0.99782586,0.00046742402,0.0006084984,0.0006114501,9791170403012
0.0016213028,0.0019054487,0.9924101,0.0020266138,0.0020364444,9791170520634
0.12758812,0.39097074,0.00020222728,0.03846343,0.44277546,9791170522386
0.00021887371,0.35981286,0.63941973,0.00027359018,0.00027491729,9791170610106
0.00060288934,0.00070855045,0.0005788901,0.99735236,0.0007572618,9791170610120
0.00022593318,0.00026552973,0.00021693943,0.00028241443,0.9990092,9791170610311
0.0005901142,0.0006935363,0.0005666234,0.0007376374,0.99741215,9791170610892
0.00071035576,0.0008348511,0.0006820785,0.00088793825,0.9968848,9791170611028
0.00031575217,0.0003710902,0.00030318295,0.9986134,0.00039660188,9791170611110
0.00033881553,0.7046305,0.29418162,0.00042351635,0.00042557073,9791170611127
0.00017597098,0.00020681128,0.00016896609,0.00021996215,0.99922824,9791170611462
0.00025728365,0.0003023746,0.0002470419,0.00032160222,0.99887174,9791170611509
0.00069292757,0.99690527,0.00066534407,0.00086615316,0.0008703547,9791170611523
0.0006601022,0.00077579025,0.00063382543,0.9971011,0.0008291243,9791170611585
0.0066946275,0.97010016,0.006428133,0.008368224,0.0084088165,9791170611714
0.0002671894,0.00031401642,0.00025655335,0.9988267,0.00033560442,9791170611783
0.0004338132,0.00050984236,0.00041654435,0.32256544,0.6760743,9791170611806
0.0010243052,0.0012038227,0.99520487,0.0012803723,0.001286583,9791170611844
0.0008146594,0.99636155,0.0007822301,0.0010183168,0.0010232566,9791170611943
0.00065998285,0.00077564997,0.0006337108,0.99710166,0.00082897436,9791170611967
0.00071063987,0.000835185,0.0006823513,0.0008882934,0.9968836,9791170612049
0.0008651574,0.001016783,0.00083071797,0.9962006,0.0010866848,9791170612131
0.9963257,0.0009303585,0.0007601086,0.0009895188,0.0009943187,9791170612179
0.00025042394,0.0002943127,0.00024045527,0.00031302765,0.9989018,9791170800002
0.00014260237,0.99936306,0.00013692577,0.00017825166,0.00017911632,9791170800187
0.00035161292,0.00041323583,0.00033761622,0.00043951298,0.998458,9791170800408
0.0006302142,0.00074066414,0.99704975,0.00078776205,0.0007915833,9791170800477
0.04129129,0.5832197,0.00025184892,0.00032786003,0.37490925,9791170800583
0.00024164618,0.99892074,0.00023202693,0.00030205553,0.00030352073,9791170960447
0.000749006,0.00088027515,0.99649364,0.0009362507,0.00094079226,9791170960706
0.00031930115,0.00037526118,0.9985053,0.00039912356,0.00040105963,9791170962168
0.9974257,0.00065183727,0.0005325551,0.00069328677,0.0006966498,9791171210701
0.0008654471,0.0010171235,0.00083099614,0.001081801,0.9962047,9791171250172
0.00026979268,0.00031707596,0.65461546,0.00033723842,0.34446043,9791171250349
0.0012017018,0.0014123095,0.0011538655,0.9947227,0.0015094029,9791171251353
0.00035153708,0.0004131467,0.24875759,0.75003624,0.00044154972,9791171711987
0.00030862025,0.00036270835,0.9985553,0.0003857725,0.0003876438,9791171713387
0.711144,0.00042952978,0.00035092846,0.28761652,0.00045905908,9791171717002
0.0007693558,0.0009041914,0.00073872996,0.9966213,0.00096635276,9791171717019
0.0004207901,0.0004945369,0.28731197,0.7112442,0.0005285353,9791171717026
0.00089330703,0.0010498661,0.00085774704,0.99607706,0.0011220423,9791171717033
0.000748664,0.00087987323,0.0007188618,0.00093582325,0.9967168,9791171717057
0.9971406,0.00072402,0.00059152883,0.00077005953,0.00077379495,9791171717064
0.0011516984,0.0013535426,0.0011058527,0.0014396126,0.9949493,9791171717071
0.0010243908,0.0012039234,0.0009836127,0.0012804792,0.9955076,9791171717088
0.000495658,0.000582526,0.0004759273,0.00061956805,0.99782634,9791171717095
0.99788845,0.00053466036,0.00043682082,0.00056865875,0.0005714172,9791171717132
0.0006599345,0.9970526,0.0006336644,0.00082491216,0.00082891365,9791171717156
0.0013801131,0.0016219887,0.9935392,0.0017251289,0.0017334971,9791171717163
0.0004626195,0.00054369716,0.9978343,0.0005782702,0.00058107526,9791171717187
0.001255787,0.0014758734,0.0012057977,0.0015697223,0.9944928,9791171717217
0.0004955449,0.000582393,0.9976802,0.00061942666,0.00062243134,9791171717224
0.0024933526,0.002930332,0.0023940993,0.0031166682,0.9890655,9791171717255
0.0015328462,0.9931539,0.001471828,0.0019160439,0.0019253383,9791171717262
0.99506223,0.0012502754,0.0010214826,0.0013297788,0.0013362293,9791171717279
0.00033059836,0.0003885383,0.9984524,0.00041324494,0.00041524952,9791171717286
0.0008145487,0.9963621,0.0007821238,0.0010181785,0.0010231175,9791171717293
0.00025485968,0.00029952585,0.00024471447,0.0003185723,0.99888235,9791172130374
0.0013151797,0.9941261,0.0012628261,0.0016439628,0.0016519373,9791172130404
0.0012014547,0.001412019,0.9943756,0.0015018075,0.0015090925,9791172130572
0.0004271068,0.0005019606,0.9980006,0.0005338796,0.0005364694,9791172130633
0.00059017236,0.99736416,0.00056667934,0.00073771016,0.00074128865,9791172130657
0.00044765256,0.9980007,0.00042983278,0.00055956165,0.00056227593,9791172130664
0.00013372886,0.6724224,0.0001284055,0.00016715987,0.3271483,9791172130879
0.0006928656,0.00081429566,0.9967565,0.0008660757,0.0008702768,9791172131067
0.0006447504,0.99712044,0.00061908475,0.0008059322,0.0008098416,9791172131524
0.9962178,0.0009576752,0.00078242656,0.0010185726,0.0010235135,9791172131692
0.00025492665,0.5314594,0.00024477876,0.000318656,0.4677222,9791173180187
0.00029869852,0.00035104778,0.00028680818,0.00037337045,0.99869007,9791185585819
0.0006446718,0.9971208,0.00061900925,0.0008058339,0.00080974284,9791186561911
0.000533416,0.0006269013,0.00051218225,0.9976575,0.0006699995,9791186686348
0.0011521211,0.99485433,0.0011062585,0.0014401409,0.0014471267,9791188545414
0.51273066,0.000986243,0.00080576655,0.18019268,0.30528468,9791188547265
0.00034283305,0.0004029172,0.99839514,0.00042853822,0.00043061696,9791188547357
0.00026465213,0.0003110345,0.0002541171,0.00033081276,0.9988394,9791188547371
0.0003965777,0.00046608102,0.00038079108,0.9982585,0.0004981232,9791188547401
0.003885457,0.004566414,0.0037307881,0.004856786,0.9829605,9791188594245
0.0018364497,0.991798,0.0017633459,0.0022955455,0.002306681,9791188810727
0.9952455,0.0012038714,0.0009835704,0.0012804242,0.0012866352,9791188862290
0.0014524198,0.0017069677,0.9932007,0.0018155116,0.0018243183,9791188862375
0.0006927903,0.00081420725,0.00066521234,0.9969576,0.00087018235,9791189099008
0.00083890924,0.99625325,0.0008055147,0.0010486289,0.0010537157,9791189099015
0.0011064734,0.0013003914,0.0010624278,0.0013830817,0.99514765,9791189099060
0.00089296984,0.0010494698,0.0008574233,0.0011162042,0.9960839,9791189099145
0.0007104828,0.0008350005,0.996674,0.0008880971,0.00089240505,9791189099152
0.00074913254,0.9966542,0.00071931176,0.00093640893,0.0009409513,9791189228361
0.00030528381,0.00035878716,0.00029313134,0.50090724,0.49813554,9791189356279
0.99818474,0.000459644,0.000375532,0.00048887223,0.0004912436,9791189770471
0.99598473,0.0010166792,0.00083063316,0.0010813286,0.0010865738,9791189770525
0.0007489672,0.0008802296,0.000719153,0.9967109,0.00094074354,9791189836498
0.00047839526,0.00056223775,0.9977605,0.00059798977,0.0006008905,9791189938642
0.00049542333,0.0005822501,0.00047570196,0.9978243,0.00062227866,9791189982140
0.00042055605,0.0004942618,0.00040381492,0.99815315,0.0005282413,9791190090018
0.00069294433,0.9969052,0.0006653602,0.0008661742,0.0008703758,9791190090193
0.0002596348,0.00030513783,0.9987846,0.00032454115,0.00032611543,9791190090261
0.0002458761,0.0002889678,0.00023608848,0.99892026,0.00030883375,9791190090377
0.00044063694,0.00051786203,0.00042309644,0.0005507922,0.9980676,9791190090643
0.0011058479,0.995061,0.0010618273,0.0013822998,0.0013890051,9791190090698
0.00021378622,0.99904513,0.00020527601,0.00026723085,0.00026852713,9791190090766
0.9986975,0.00032980077,0.00026944926,0.00035077237,0.0003524739,9791190090896
0.00054402323,0.00063936756,0.0005223672,0.0006800241,0.99761426,9791190090964
0.00017705762,0.00020808836,0.00017000947,0.9992224,0.00022239401,9791190174671
0.00022965825,0.00026990764,0.00022051622,0.00028707075,0.99899286,9791190174756
0.00092322007,0.0010850215,0.00088646926,0.9959457,0.0011596147,9791190174909
0.0008934987,0.45442763,0.0008579311,0.0011168653,0.5427041,9791190357081
0.00029554553,0.99868,0.0002837807,0.00036942924,0.00037122125,9791190492430
0.00053354254,0.00062705006,0.0005123037,0.99765694,0.0006701585,9791190492522
0.00040230327,0.00047281006,0.00038628874,0.9982333,0.0005053148,9791190533300
0.00303703,0.98643595,0.0029161347,0.0037962603,0.0038146751,9791190594035
0.00095389166,0.0011210686,0.99553454,0.0011923559,0.0011981399,9791190749138
0.9950635,0.0012499694,0.0010212326,0.0013294533,0.0013359021,9791190749145
0.00076940533,0.0009042496,0.0007387775,0.99662113,0.000966415,9791190749176
0.0009882923,0.0011614983,0.00094895123,0.0012353564,0.9956659,9791190749473
0.0007107054,0.9968259,0.0006824143,0.00088837533,0.0008926847,9791190749695
0.00037037497,0.00043528609,0.0003556314,0.9983735,0.00046521114,9791190847933
0.0007105713,0.0008351045,0.0006822855,0.9968795,0.0008925162,9791190885362
0.00079131586,0.00093000015,0.9962956,0.0009891377,0.0009939359,9791190885621
0.99828184,0.00043506,0.0003554467,0.0004627249,0.00046496952,9791190885713
0.005393801,0.97591,0.005179089,0.006742202,0.006774907,9791190908740
0.99642843,0.00090433715,0.00073884905,0.00096184283,0.0009665085,9791190999069
0.28567356,0.00022851577,0.00018669879,0.0002430468,0.71366817,9791191029055
0.18956539,0.0004080921,0.00033341377,0.809257,0.00043614762,9791191029857
0.0006028483,0.0007085022,0.99717784,0.0007535549,0.0007572103,9791191029963
0.0006759021,0.0007943592,0.0006489964,0.0008448715,0.9970359,9791191061048
0.00032297516,0.00037957908,0.00031011846,0.00040371603,0.9985836,9791191061987
0.0004954006,0.9977875,0.00047568016,0.00061924633,0.00062225014,9791191071030
0.00038040456,0.0004470734,0.56245244,0.43624228,0.00047780882,9791191114003
0.00048684148,0.00057216425,0.0004674617,0.997862,0.0006114994,9791191114065
0.00041438165,0.00048700528,0.0003978863,0.0005179733,0.9981828,9791191114072
0.00026974134,0.00031701563,0.00025900372,0.00033717425,0.9988171,9791191114225
0.99737304,0.0006651496,0.0005434313,0.0007074456,0.0007108773,9791191114256
0.99707586,0.000740399,0.00060491054,0.00078748004,0.0007912999,9791191193053
0.00019998332,0.00023503196,0.14905559,0.00024997734,0.8502595,9791191193114
0.9976156,0.00060375035,0.0004932678,0.0006421421,0.000645257,9791191193138
0.00029240418,0.0003436503,0.0002807644,0.99871594,0.00036727556,9791191193237
0.9972615,0.00069339806,0.0005665105,0.00073749037,0.0007410678,9791191193473
0.00071086234,0.0008354465,0.0006825649,0.0008885715,0.9968826,9791191193534
0.0006760138,0.0007944905,0.00064910366,0.00084501115,0.99703544,9791191193671
0.0010245078,0.0012040607,0.9952039,0.0012806255,0.0012868375,9791191193695
0.9959843,0.0010167952,0.0008307279,0.0010814519,0.0010866978,9791191193756
0.0004406529,0.0005178807,0.00042311175,0.0005508121,0.99806756,9791191193879
0.00048678397,0.0005720967,0.0004674065,0.00060847553,0.99786526,9791191247381
0.00042060367,0.00049431773,0.00040386064,0.998153,0.0005283011,9791191443202
0.00034285488,0.00040294288,0.0003292068,0.6134972,0.38542777,9791191587524
0.00029875504,0.0003511142,0.00028686246,0.99868804,0.0003752526,9791191714074
0.0004867499,0.0005720566,0.9977214,0.000608433,0.00061138434,9791191714425
0.00033062027,0.99852335,0.00031745923,0.00041327236,0.00041527706,9791191824001
0.00041425286,0.0004868539,0.9980608,0.0005178123,0.00052032416,9791191824193
0.99815965,0.00046599263,0.00038071885,0.0004956245,0.0004980287,9791191824216
0.00074860547,0.00087980443,0.99649554,0.0009357501,0.00094028923,9791191824308
0.00079177803,0.0009305433,0.00076025963,0.0009897153,0.99652773,9791191824353
0.00048677548,0.997826,0.00046739835,0.00060846494,0.0006114165,9791191824391
0.00047841523,0.0005622612,0.0004593709,0.997899,0.0006009156,9791191826012
0.0003019811,0.7563267,0.0002899601,0.2427021,0.0003793047,9791191826029
0.00028634645,0.99872106,0.00027494782,0.0003579305,0.00035966674,9791191826036
0.00027504488,0.00032324865,0.00026409613,0.52817154,0.47096604,9791191842432
0.00029554346,0.00034733975,0.0002837787,0.00036942665,0.99870396,9791191842517
0.9976157,0.0006037218,0.00049324444,0.0006421117,0.00064522645,9791191842579
0.00065993826,0.0007755976,0.99691063,0.0008249168,0.00082891836,9791191842685
0.0003802521,0.9983017,0.00036511538,0.0004753117,0.00047761734,9791191891287
0.0013151122,0.0015455959,0.0012627614,0.9942247,0.0016518525,9791191942279
0.00092252175,0.0010842009,0.99568135,0.0011531438,0.0011587376,9791192159096
0.0005898595,0.9973656,0.0005663789,0.000737319,0.00074089563,9791192603162
0.00049572915,0.997786,0.00047599562,0.000619657,0.00062266283,9791192603605
0.000495596,0.00058245304,0.00047586774,0.99782354,0.00062249554,9791192625652
0.9981054,0.0004797372,0.00039194827,0.0005102431,0.00051271816,9791192638072
0.0010633726,0.0012497369,0.0010210427,0.001329206,0.99533665,9791192638171
0.00019995555,0.00023499933,0.9990639,0.00024994265,0.00025115506,9791192638195
0.13465852,0.45184773,0.00019218531,0.20728607,0.20601544,9791192638331
0.00065981766,0.0007754559,0.0006335522,0.9971024,0.0008287669,9791192638379
0.0002865896,0.00033681665,0.0002751813,0.99874145,0.00035997212,9791192684192
0.00057784416,0.99741924,0.0005548418,0.00072229997,0.0007258037,9791192684239
0.00028940104,0.9987074,0.0002778808,0.00036174868,0.00036350344,9791192684482
0.00044759575,0.0005260404,0.99790466,0.00055949064,0.00056220463,9791192776989
0.9978173,0.00055266975,0.00045153458,0.00058781327,0.0005906647,9791192836072
0.00048669614,0.0005719934,0.00046732216,0.99786264,0.0006113168,9791192836157
0.00039654848,0.9982289,0.00038076303,0.000495682,0.00049808645,9791192836256
0.000692704,0.9969063,0.00066512945,0.00086587376,0.00087007397,9791192836607
0.000791218,0.0009298852,0.0007597219,0.0009890154,0.99653023,9791192836720
0.0007488318,0.0008800704,0.00071902294,0.9967115,0.00094057346,9791192836836
0.00033456367,0.9985057,0.00032124566,0.00041820158,0.00042023018,9791192836973
0.10567919,0.69567806,0.0007597906,0.1968891,0.0009939028,9791193024164
0.00027504566,0.00032324955,0.0002640969,0.0003438046,0.99879384,9791193024225
0.00059002894,0.9973648,0.0005665416,0.0007375309,0.0007411085,9791193024263
0.9976587,0.00059281464,0.0004843332,0.000630511,0.00063356943,9791193024287
0.00046262564,0.9979338,0.00044420984,0.00057827786,0.000581083,9791193024300
0.0008148357,0.9963608,0.00078239944,0.0010185373,0.001023478,9791193024362
0.997318,0.0006790881,0.0005548192,0.0007222705,0.0007257741,9791193024409
0.19017795,0.00027918903,0.00022809916,0.0002969423,0.8090178,9791193024423
0.00037535874,0.0004411433,0.00036041677,0.00046919505,0.9983539,9791193024447
0.0004549865,0.99796796,0.00043687478,0.000568729,0.0005714878,9791193024461
0.0006161687,0.0007241571,0.00059164077,0.99729407,0.0007739414,9791193024485
0.00028641702,0.00033661386,0.0002750156,0.9987422,0.0003597554,9791193024522
0.00036543698,0.99836785,0.00035088998,0.0004567929,0.00045900873,9791193024560
0.00023159098,0.0002721791,0.00022237201,0.99898297,0.00029089086,9791193024584
0.00038566996,0.9982775,0.00037031755,0.00048208397,0.00048442246,9791193024652
0.0004082325,0.9981767,0.00039198194,0.00051028695,0.0005127622,9791193024713
0.00030539173,0.3553483,0.07939989,0.0003817369,0.5645647,9791193024737
0.002287873,0.98978186,0.0021967993,0.0028598206,0.002873693,9791193024751
0.0004476367,0.99800074,0.0004298176,0.00055954186,0.0005622561,9791193024768
0.99417096,0.0014759621,0.0012058701,0.0015698166,0.0015774315,9791193024782
0.00042698515,0.99809295,0.00040998808,0.0005337276,0.0005363166,9791193024867
0.000433666,0.0005096693,0.00041640297,0.0005420786,0.99809813,9791193024874
0.00050455116,0.0005929777,0.0004844664,0.0006306844,0.99778736,9791193027356
0.00040836044,0.0004799288,0.0003921048,0.68548316,0.3132364,9791193031018
0.00054399116,0.00063932984,0.9974534,0.000679984,0.0006832825,9791193031360
0.0018360651,0.0021578497,0.0017629765,0.0022950647,0.991948,9791193078006
0.00018171516,0.00021356216,0.0001744816,0.57282037,0.42660984,9791193078068
0.28224382,0.0002865715,0.00023413068,0.00030479423,0.7169307,9791193078259
0.00037537038,0.00044115697,0.40972865,0.5889834,0.00047148563,9791193078273
0.0001759615,0.00020680012,0.00016895696,0.00021995028,0.9992283,9791193078310
0.00033867892,0.99848735,0.00032519706,0.00042334557,0.00042539914,9791193128084
0.00035600504,0.99841,0.00034183348,0.00044500307,0.0004471617,9791193162217
0.2658587,0.0005931503,0.00048460744,0.00063086796,0.73243266,9791193162316
0.0003966046,0.00046611263,0.0003808169,0.00049575215,0.99826074,9791193162330
0.0007293061,0.00085712265,0.0007002745,0.000911626,0.99680173,9791193190036
0.00027240205,0.00032014263,0.0002615585,0.9988038,0.0003421518,9791193190043
0.00069276243,0.0008141744,0.996757,0.00086594676,0.0008701473,9791193235119
0.9982346,0.0004470106,0.0003652104,0.00047543543,0.00047774168,9791193235195
0.00028644947,0.00033665198,0.00027504674,0.9987421,0.00035979613,9791193235225
0.00024159926,0.00028394142,0.998869,0.0003019969,0.00030346183,9791193235263
0.00038037266,0.99830115,0.0003652311,0.00047546238,0.00047776877,9791193235416
0.62691736,0.37147933,0.0004441238,0.00057816587,0.00058097043,9791193235423
0.0009543475,0.9957376,0.0009163576,0.0011929257,0.0011987124,9791193240151
0.0005548033,0.0006520369,0.00053271814,0.99756354,0.0006968631,9791193240205
0.0008144725,0.00095721515,0.00078205066,0.9964232,0.0010230218,9791193240236
0.0010246903,0.0012042753,0.0009839004,0.0012808536,0.9955063,9791193240243
0.39548278,0.0011613813,0.00094885565,0.6011658,0.0012412239,9791193240267
0.94016224,0.015151326,0.012378726,0.016114779,0.016192948,9791193282038
0.2417467,0.0003110681,0.00025414457,0.7573557,0.00033245343,9791193289228
0.0002188501,0.00025720528,0.9989755,0.00027356064,0.00027488763,9791193367025
0.00089344336,0.99600965,0.00085787795,0.0011167962,0.0011222136,9791193474051
0.99823475,0.00044698975,0.00036519338,0.00047541325,0.00047771938,9791193506882
0.008809149,0.9606562,0.008458482,0.0110113565,0.011064771,9791193551165
0.00025719558,0.00030227113,0.99879605,0.00032149215,0.00032305164,9791193591185
0.00039646475,0.00046594828,0.9981441,0.00049557735,0.00049798127,9791193591192
0.9958561,0.0010492627,0.0008572541,0.0011159839,0.0011213974,9791193607589
0.99693644,0.0007757094,0.00063375937,0.0008250358,0.00082903786,9791193646052
0.00026724325,0.00031407972,0.00025660507,0.24276304,0.756399,9791193659014
0.00034287767,0.00040296963,0.00032922867,0.00042859398,0.99849635,9791193710319
0.99731874,0.0006788985,0.00055466424,0.00072206877,0.00072557136,9791193710364
0.0004082318,0.00047977763,0.998089,0.0005102861,0.00051276135,9791193710470
0.00025971147,0.00030522794,0.0002493731,0.9988595,0.00032621174,9791193710609
0.19793534,0.0029301008,0.0023939104,0.003116422,0.7936242,9791193739006
0.0019653265,0.9912224,0.0018870926,0.0024566406,0.002468557,9791193773031
0.0007106855,0.99682593,0.0006823951,0.0008883505,0.00089265965,9791193790137
0.0007489059,0.9966552,0.00071909407,0.0009361256,0.00094066653,9791193904084
0.0006927662,0.00081417896,0.0006651892,0.99695766,0.0008701521,9791193914137
0.00086539163,0.996135,0.0008309429,0.0010817318,0.0010869789,9791193914212
0.0003966875,0.0004662101,0.00038089653,0.998258,0.0004982611,9791193937198
0.00028641144,0.00033660728,0.99865925,0.0003580117,0.00035974834,9791194127086
0.00043377923,0.0005098024,0.00041651173,0.99809504,0.0005448503,9791194246091
0.00028060374,0.00032978173,0.00026943372,0.99876773,0.00035245356,9791194246374
0.00016856872,0.66655135,0.00016185848,0.00021070936,0.33290747,9791194246442
0.00026468743,0.9988178,0.000254151,0.0003308569,0.00033246184,9791194293118
0.0009225149,0.0010841928,0.0008857922,0.9959488,0.0011587288,9791194293286
0.0008149224,0.00095774385,0.0007824826,0.9964212,0.0010235868,9791194324157
0.0017216345,0.0020233644,0.0016531012,0.99243945,0.0021624668,9791194330899
0.0021151453,0.99055326,0.0020309475,0.0026439126,0.0026567376,9791196074449
0.0005546782,0.00065188995,0.00053259806,0.9975641,0.00069670606,9791196074456
0.9979224,0.00052605174,0.0004297875,0.0005595027,0.00056221674,9791196074470
0.99874824,0.0003169649,0.00025896227,0.0003371203,0.00033875558,9791196199807
0.000644555,0.00075751834,0.00061889715,0.9971694,0.0008095962,9791196214784
0.9982104,0.00045314955,0.00037022596,0.00048196476,0.00048430267,9791196222628
0.0007696101,0.00090449024,0.0007389741,0.55651844,0.44106853,9791196222635
0.9973177,0.0006791786,0.0005548931,0.00072236673,0.0007258708,9791196222642
0.0007696736,0.000904565,0.00073903514,0.0009620851,0.9966247,9791196347031
0.9988587,0.0002889902,0.00023610677,0.00030736672,0.0003088577,9791196347048
0.0003560825,0.00041848875,0.00034190787,0.0004450999,0.9984384,9791196438142
0.0003803562,0.00044701662,0.9982195,0.00047544183,0.0004777481,9791196438197
0.00057766365,0.0006789037,0.0005546685,0.0007220743,0.99746674,9791196517168
0.000922609,0.9958794,0.0008858826,0.0011532529,0.0011588471,9791196722012
0.0007487931,0.000880025,0.00071898586,0.9967116,0.0009405249,9791197021626
0.00043390336,0.0005099483,0.38814935,0.61036175,0.0005450062,9791197021633
0.0012016488,0.0014122472,0.0011538146,0.0015020502,0.99473023,9791197021640
0.9962189,0.00095739274,0.00078219577,0.0010182721,0.0010232116,9791197021688
0.0006301197,0.00074055314,0.00060503645,0.9972328,0.00079146464,9791197325892
0.0005335564,0.0006270663,0.000512317,0.00066694064,0.99766016,9791197346521
0.00095472095,0.0011220432,0.00091671624,0.0011933926,0.99581313,9791197346538
0.0006028842,0.0007085444,0.00057888514,0.00075359986,0.9973561,9791197377143
0.00042058935,0.0004943009,0.99803114,0.0005257329,0.0005282831,9791197671708
0.0004625886,0.00054366083,0.00044417425,0.0005782315,0.99797136,9791197671739
0.0006165247,0.00072457554,0.0005919827,0.15889193,0.83917505,9791197693052
0.0011057883,0.0012995863,0.00106177,0.0013822253,0.9951506,9791197760921
0.000791322,0.0009300073,0.00075982173,0.9965249,0.0009939434,9791197760952
0.99792224,0.00052609935,0.00042982638,0.00055955333,0.0005622676,9791197772399
0.00021548229,0.00025324724,0.00020690456,0.99905366,0.00027065747,9791197873065
0.00042708928,0.00050194,0.00041008808,0.00053385773,0.99812704,9791197915949
0.99823433,0.00044709002,0.0003652753,0.00047551992,0.00047782657,9791197915956
0.99747586,0.000639116,0.0005221617,0.0006797566,0.0006830539,9791197915963
0.47885808,0.5197054,0.00039793964,0.00051804277,0.0005205557,9791197915970
0.9979556,0.0005176485,0.00042292202,0.00055056514,0.0005532358,9791197915987
0.0013798563,0.0016216869,0.0013249281,0.0017248078,0.9939487,9791197932540
0.00022232358,0.00026128753,0.00021347351,0.00027790247,0.99902505,9791198173898
0.0022890503,0.9897766,0.0021979297,0.002861292,0.0028751718,9791198202499
0.0003752338,0.00044099643,0.0003602968,0.99835217,0.00047131407,9791198275066
0.9938973,0.0015452439,0.0012624738,0.001643504,0.0016514763,9791198323941
0.00052340794,0.00061513926,0.9975498,0.00065425516,0.0006574288,9791198334305
0.9928879,0.0018008307,0.0014712898,0.0019153432,0.0019246342,9791198363510
0.0002751278,0.0003233461,0.00026417573,0.9987918,0.00034557548,9791198389008
0.0006761464,0.00079464633,0.99683475,0.00084517687,0.00084927666,9791198503015
0.52497536,0.00045956887,0.00037547058,0.47369844,0.0004911633,9791198530325
0.00024808376,0.00029156238,0.99883866,0.00031010245,0.0003116067,9791198744456
0.00064489845,0.0007579219,0.0006192269,0.0008061172,0.9971719,9791198809940
0.6786425,0.0005822771,0.00047572394,0.0006193033,0.31968012,9791198809971
0.0003230522,0.81872135,0.0003101924,0.18023963,0.00040577113,9791198809995
0.0007914435,0.00093015016,0.0007599384,0.0009892972,0.9965292,9791198838841
0.00023550392,0.0002767778,0.00022612918,0.9989658,0.00029580574,9791198839336
0.00061609544,0.00072407094,0.0005915704,0.00077011366,0.9972982,9791198839350
0.0002355291,0.00027680743,0.00022615337,0.00029440926,0.9989671,9791199031913
