topic_1,topic_2,topic_3,topic_4,topic_5,topic_6,isbn,entropy
0.002933476,0.0015712269,0.0030799166,0.33519167,0.0024385247,0.65478516,6000585358,1.014765588
0.009448494,0.005060798,0.009920171,0.009443808,0.007854296,0.95827246,9788901064345,0.34553526
0.0044767885,0.0023978553,0.98193085,0.0044745677,0.0037214414,0.0029984838,9788901079103,0.171719545
0.3876651,0.00070418534,0.001380343,0.00131406,0.6080558,0.00088057376,9788901085913,1.008403506
0.0010217319,0.00054725946,0.80362415,0.0010212252,0.00084933994,0.19293632,9788901115139,0.746352993
0.22917868,0.265521,0.0680073,0.24944794,0.11963661,0.068208516,9788901117409,2.389225314
0.35314673,0.00038766852,0.32516545,0.0007234171,0.19916692,0.121409774,9788901163031,1.902244877
0.007173028,0.63821423,0.0075311116,0.33631444,0.005962757,0.004804383,9788925111681,1.12749219
0.47527313,0.00017128848,0.11836899,0.00031963654,0.3061789,0.09968805,9788925122847,1.734741682
0.2917037,0.38052496,0.000588463,0.32634157,0.00046591542,0.0003754029,9788925501215,1.591871751
0.0026703773,0.0014303059,0.002803685,0.38710052,0.14294639,0.46304873,9788925507866,1.505650975
0.0005823059,0.00031189434,0.19808929,0.23454179,0.4207975,0.14567722,9788925521152,1.893615308
0.046092603,0.47313657,0.14980273,0.0014421772,0.32855952,0.00096642727,9788925521329,1.67662276
0.00095610047,0.00051210605,0.44811362,0.40796763,0.00079478225,0.14165576,9788925550091,1.469415409
0.25665924,0.061527684,0.08178351,0.1389942,0.08823719,0.3727982,9788925559988,2.281934465
0.41891128,0.00029467238,0.0005776165,0.0988458,0.35687265,0.12449799,9788925565323,1.770251023
0.5027696,0.22135863,0.0009579236,0.00091192423,0.0007584358,0.27324352,9788925578248,1.518455171
0.35999465,0.00042371431,0.00083056453,0.00079068105,0.18078011,0.45718032,9788926770108,1.514351543
0.5071421,0.00035724716,0.00070027553,0.49079916,0.00055444316,0.0004467325,9788926770115,1.023113369
0.0005710951,0.461431,0.28170356,0.00057081186,0.25534105,0.00038251063,9788927802518,1.549295048
0.00023516965,0.20112711,0.38242543,0.29716775,0.11888701,0.00015751299,9788927802716,1.886022684
0.34454933,0.00067451014,0.24628113,0.26701027,0.14064126,0.0008434653,9788930006491,1.94991797
0.013840834,0.0074134218,0.014531809,0.94343805,0.011505539,0.009270378,9788930006774,0.442598988
0.4675004,0.00040238004,0.5302187,0.0007508698,0.0006244888,0.00050317054,9788931009743,1.022652816
0.0006745497,0.12264289,0.0007082237,0.4405727,0.22316055,0.21224107,9788931022360,1.864315132
0.39009604,0.00032790512,0.0006427594,0.47048363,0.13803959,0.0004100407,9788931022377,1.451155682
0.38429743,0.00095797307,0.26729038,0.0017876461,0.0014867623,0.34417978,9788932012667,1.608511183
0.00091214594,0.00048856315,0.7762489,0.00091169344,0.22082779,0.00061094126,9788932019840,0.795148529
0.13495466,0.16067997,0.00086514204,0.31093156,0.26513973,0.12742898,9788932020761,2.23313996
0.14731196,0.2285594,0.31159523,0.00060569216,0.0005037464,0.311424,9788932026084,1.954032849
0.18002823,0.23050103,0.1304507,0.08596273,0.25360247,0.119454786,9788932028583,2.489137703
0.20771644,0.00036976225,0.07046569,0.5874009,0.1335848,0.00046238242,9788932029832,1.588796003
0.14899766,0.00038308074,0.5477683,0.0007148561,0.30165708,0.00047903703,9788932031064,1.423575662
0.00067461503,0.2580995,0.32643625,0.0006742805,0.41366354,0.0004518467,9788932039145,1.577580926
0.0019662473,0.0010531604,0.0020644036,0.4267509,0.3212539,0.24691142,9788932039510,1.595320409
0.40916598,0.0017431895,0.5809527,0.0032529163,0.0027054085,0.0021798338,9788932040912,1.067901717
0.0007805741,0.16912095,0.000819541,0.00078018697,0.0006488714,0.82784986,9788932040967,0.690629124
0.0014419915,0.6597023,0.0015139767,0.0014412764,0.33493462,0.00096582377,9788932043340,0.975507249
0.005270178,0.3994833,0.58206815,0.005267564,0.004380966,0.003529884,9788932312262,1.12610759
0.42282802,0.0005039973,0.13595575,0.25169733,0.18838462,0.0006302415,9788932322452,1.88331602
0.729174,0.00019781746,0.14397697,0.12609681,0.00030701022,0.00024736792,9788932921402,1.120512985
0.009449442,0.0050613056,0.009921161,0.009444753,0.9597942,0.006329091,9788933801246,0.3347567
0.15801908,0.0007727335,0.45648494,0.0014419758,0.0011992728,0.382082,9788934955108,1.500650919
0.67491853,0.00026975287,0.26141253,0.06264319,0.0004186531,0.00033732213,9788934984900,1.150966568
0.44247785,0.12324479,0.00074191665,0.0007062901,0.14093673,0.2918924,9788935916689,1.824807549
0.73978317,0.12843171,0.0011960561,0.0011386223,0.031553667,0.09789677,9788935916740,1.210234599
0.0023537767,0.0012607288,0.0024712796,0.0023526098,0.0019566354,0.98960495,9788936431082,0.107160877
0.0011841401,0.099768996,0.0012432531,0.6255667,0.0009843457,0.27125254,9788936433598,1.299039698
0.003893639,0.39159715,0.5947729,0.0038917074,0.0032366836,0.002607899,9788936433642,1.086969803
0.07488247,0.050699674,0.565736,0.30818033,0.00027775392,0.00022379517,9788936434267,1.492360328
0.18596435,0.0004352807,0.31329495,0.20243604,0.2973251,0.00054431235,9788936438401,1.973454181
0.12454417,0.0005985584,0.0011732938,0.22794963,0.33093655,0.3147978,9788936474904,1.931278174
0.04086005,0.15070654,0.0013507755,0.80515146,0.0010694765,0.0008617112,9788936484118,0.88389885
0.5554525,0.00030886542,0.1649961,0.000576365,0.0004793553,0.27818677,9788936510923,1.428664574
0.642747,0.32829762,0.00856244,0.008151278,0.006779312,0.005462308,9788937209468,1.142677607
0.61736304,0.000547217,0.0010726542,0.2860633,0.0008492739,0.09410454,9788937420535,1.292113486
0.97846276,0.0028231693,0.0055339783,0.0052682348,0.004381524,0.0035303333,9788937439209,0.199090256
0.276149,0.7108791,0.003835938,0.0036517377,0.0030371035,0.002447091,9788937442100,0.969632442
0.0038933114,0.09900237,0.20186964,0.33386835,0.0032364118,0.35812992,9788937442117,1.913208599
0.04570671,0.024481406,0.04798846,0.045684036,0.03799484,0.7981445,9788937442179,1.187008847
0.00088511716,0.00047408594,0.21401577,0.15867405,0.49411666,0.13183437,9788937473081,1.799577261
0.25265315,0.000504054,0.1604228,0.4310374,0.15475224,0.00063031237,9788937473210,1.877122181
0.44918066,0.0014306356,0.0028043287,0.54257506,0.0022203287,0.0017889894,9788937481079,1.070440262
0.103935935,0.00047409706,0.51105,0.14621237,0.2377347,0.00059285166,9788937482908,1.744299191
0.0003034716,0.078632645,0.2663978,0.18693694,0.2811147,0.18661447,9788937486333,2.219289771
0.083405204,0.20489532,0.0002904972,0.3668652,0.2058903,0.13865349,9788937486418,2.166318409
0.8785944,0.0010891182,0.0021348887,0.115129404,0.0016902979,0.0013619268,9788939205673,0.581302003
0.19555697,0.00014891855,0.39366266,0.039519157,0.12871939,0.24239291,9788939230927,2.052280243
0.59544426,0.0004475864,0.04974148,0.000835228,0.00069464854,0.35283682,9788950961176,1.211816693
0.00076064584,0.00040741672,0.24968897,0.0007602687,0.49938843,0.24899428,9788950983611,1.51987913
0.58213496,0.0025931194,0.0050830347,0.004838946,0.4021073,0.003242659,9788954400831,1.107948407
0.58205897,0.0025931194,0.0050830347,0.004838946,0.40218323,0.003242659,9788954402934,1.107988959
0.6873242,0.09595772,0.00088957575,0.0008468586,0.21441409,0.0005674942,9788954422376,1.196380777
0.07262938,0.00033486632,0.33144593,0.0006248844,0.17336619,0.42159873,9788954428194,1.776964939
0.616147,0.00027209005,0.00053335057,0.0005077395,0.16803335,0.2145065,9788954429948,1.353830296
0.39608595,0.00038308091,0.3044778,0.29797962,0.00059453683,0.00047903726,9788954438094,1.588062536
0.0009717855,0.0005205072,0.25726736,0.0009713036,0.19693328,0.5433358,9788954438230,1.468858418
0.3929739,0.00052914687,0.0010372335,0.29175586,0.15870681,0.15499705,9788954444781,1.902420039
0.0012863277,0.31777918,0.0013505422,0.41506666,0.26365575,0.0008615623,9788954446341,1.593202391
0.2517609,0.14757079,0.26683554,0.18446696,0.00048407988,0.14888172,9788954447300,2.281184317
0.22157206,0.0012610683,0.56293356,0.002353243,0.21030314,0.001576948,9788954601641,1.46882198
0.004477257,0.2793307,0.0047007636,0.0044750357,0.0037218304,0.7032944,9788954602358,1.00733234
0.0010971874,0.0662944,0.28515783,0.0010966432,0.39478785,0.2515661,9788954605793,1.827511646
0.0020330867,0.28645223,0.7064308,0.0020320779,0.0016900536,0.0013617299,9788954605830,0.935724987
0.0034424688,0.0018438533,0.65948683,0.0034407615,0.32948038,0.0023057123,9788954607902,1.017088421
0.009450322,0.95699644,0.009922093,0.009445639,0.007855815,0.0063296803,9788954608695,0.354968267
0.47104028,0.0004812814,0.0009434073,0.07309397,0.17674851,0.27769253,9788954610131,1.7574456
0.106905594,0.24054508,0.000902516,0.17667519,0.4743959,0.0005757493,9788954618182,1.80683419
0.0025559894,0.36608425,0.0026835862,0.6248395,0.0021247293,0.001711962,9788954618885,1.034180839
0.0023537935,0.2806122,0.0024712975,0.5485195,0.1644667,0.0015765347,9788954619608,1.474611947
0.0012863255,0.0006889809,0.08775829,0.90833557,0.0010692899,0.00086156087,9788954622288,0.472961183
0.34853446,0.00039737156,0.00077892764,0.00074152363,0.35716888,0.29237884,9788954623391,1.599450029
0.9738414,0.0034289486,0.0067214184,0.0063986606,0.0053216857,0.0042878515,9788954637305,0.234385056
0.0012085448,0.0006473201,0.17206235,0.70708466,0.11818764,0.0008094646,9788954642453,1.181443091
0.35424286,0.00070434256,0.0013806518,0.26248288,0.3803085,0.0008807703,9788954644273,1.596752541
0.0005712045,0.14738147,0.5571134,0.09227661,0.00047482786,0.20218244,9788954644822,1.672222937
0.5390679,0.0025937425,0.00508425,0.0048401076,0.44517055,0.0032434382,9788954651653,1.125390337
0.00095601234,0.3954664,0.0010037373,0.4339925,0.0007947088,0.16778663,9788954672153,1.511791866
0.0021042053,0.0011270533,0.0022092494,0.3610248,0.6321253,0.0014093642,9788954672863,1.011520911
0.0012594888,0.00067460653,0.3830942,0.33722904,0.09855599,0.17918669,9788954675031,1.852301394
0.46242753,0.0007916287,0.0015517508,0.5330106,0.001228598,0.0009899205,9788954681230,1.042786912
0.14411327,0.00039251443,0.3343739,0.31926742,0.20136204,0.0004908337,9788955479348,1.93252214
0.0009717327,0.0005204789,0.0010202422,0.00097125076,0.5070695,0.48944676,9788956373973,1.036568414
0.29928505,0.19762361,0.0009023592,0.43326208,0.0007144429,0.068212435,9788956374369,1.786801863
0.30183712,0.0060198493,0.011800134,0.011233469,0.009342731,0.6597667,9788956605654,1.173183726
0.3462058,0.10578932,0.19530368,0.0008847356,0.3512236,0.0005928762,9788956608334,1.878323952
0.7156064,0.00029460498,0.00057748466,0.18142729,0.00045722327,0.10163698,9788956695662,1.14222938
0.001687269,0.2261008,0.5776618,0.0016864317,0.0014025837,0.1914611,9788957072813,1.443295285
0.16072443,0.0008123068,0.54374874,0.0015158223,0.22832473,0.06487399,9788957074459,1.666899438
0.23506916,0.00029463542,0.19115151,0.16445939,0.4086569,0.0003684374,9788957074633,1.910876019
0.33294973,0.00064711395,0.14856936,0.5160203,0.0010043128,0.0008092068,9788957075678,1.454660171
0.002670245,0.0014302356,0.0028035457,0.98908776,0.0022197077,0.0017884892,9788957076125,0.111660516
0.0005881384,0.08806125,0.48412976,0.18790683,0.23892011,0.00039392596,9788957078099,1.77279069
0.3849534,0.23485816,0.0018236446,0.20749196,0.0014438705,0.16942897,9788957481998,1.95600069
0.0010216677,0.3140284,0.51293176,0.099706,0.00084928656,0.07146288,9788957482483,1.641276619
0.17382707,0.11702104,0.24363078,0.0006666417,0.21492074,0.2499337,9788957515471,2.281035948
0.81468976,0.0022317206,0.0043746177,0.0041645514,0.0034636026,0.17107572,9788957591840,0.791845192
0.38441756,0.05873394,0.00046228623,0.00044008731,0.32340035,0.23254572,9788957752562,1.796504353
0.1609464,0.12101277,0.00042756044,0.1105279,0.2920575,0.3150278,9788957752609,2.192414227
0.21454668,0.33872607,0.1969964,0.00043366605,0.24900654,0.00029060696,9788957752708,1.974869956
0.0023544806,0.0012611056,0.48524103,0.0023533136,0.50721306,0.0015769948,9788958042013,1.070876384
0.00070663955,0.0003784898,0.27739835,0.0007062889,0.22056413,0.5002461,9788958243397,1.513151802
0.2916541,0.053383745,0.0004801574,0.026413243,0.15467755,0.47339118,9788958243410,1.815143583
0.7235206,0.00020156929,0.10674341,0.117464975,0.00031283303,0.05175669,9788958243892,1.272509992
0.0021811544,0.0011682691,0.7626785,0.230698,0.0018131391,0.0014609038,9788958360827,0.847170778
0.28020558,0.00013679688,0.34099475,0.00025527275,0.1628588,0.21554878,9788958831099,1.952009318
0.32960016,0.32953832,0.00084176904,0.00080134755,0.0006664705,0.3385519,9788959130337,1.608385933
0.0015969053,0.00085533346,0.19210944,0.48818982,0.31617892,0.0010695824,9788959136230,1.521586547
0.00082386145,0.00044127618,0.1459951,0.36128289,0.37765115,0.11380573,9788959136322,1.83666839
0.22488406,0.09227126,0.000819707,0.25731993,0.09570185,0.32900319,9788959138630,2.165319546
0.22487704,0.0922695,0.000819707,0.25732177,0.09571083,0.32900116,9788959138883,2.165329116
0.05931987,0.18793982,0.5545527,0.00041555567,0.116317905,0.08145415,9788959139781,1.827091671
0.0012594841,0.0006746041,0.3722034,0.0012588595,0.3599763,0.26462734,9788959243457,1.600228088
0.45263892,0.00021666264,0.00042470192,0.00040430782,0.54604447,0.00027093355,9788959592388,1.009433058
0.3370129,0.00040751888,0.1390774,0.00076045917,0.19035491,0.33238682,9788959593064,1.920851502
0.54283696,0.33200094,0.0011959429,0.0011385144,0.072188705,0.05063895,9788959756148,1.521007572
0.19651015,0.0011275434,0.00221021,0.0021040763,0.796638,0.001409977,9788959790685,0.785175849
0.5641011,0.0005769898,0.110644706,0.001076704,0.0008954809,0.32270503,9788959791958,1.36979172
0.0021819142,0.0011686758,0.8361184,0.0021808322,0.076594606,0.08175552,9788959863310,0.845107913
0.30397767,0.00093043386,0.001823836,0.5914561,0.0014440218,0.100367926,9788959868988,1.342815792
0.70661,0.0019572652,0.0038366267,0.0036523961,0.2814962,0.0024475323,9788960780583,0.968031477
0.0021817004,0.0011685612,0.0022906126,0.21445963,0.42492673,0.35497275,9788960786875,1.582191503
0.18720928,0.0010887395,0.28132248,0.0020316655,0.0016897101,0.5266581,9788960786882,1.498910853
0.0010968982,0.00058751996,0.06399972,0.0010963541,0.31354946,0.61967003,9788960787186,1.23416043
0.55803084,0.0009878383,0.0019363598,0.4362766,0.0015331127,0.0012352777,9788960787636,1.045295924
0.49658185,0.0005121773,0.37627557,0.0009557594,0.00079489284,0.12487975,9788960867994,1.430280514
0.089910924,0.20913127,0.19479005,0.00059959333,0.00049867405,0.5050695,9788960905924,1.753903736
0.57149905,0.00055674155,0.001091324,0.42529267,0.00086405594,0.0006961974,9788960907072,1.018739615
0.3013269,0.0004075622,0.00079890335,0.00076054013,0.53000474,0.16670133,9788961221153,1.458475655
0.0048405887,0.9779729,0.005082238,0.0048381863,0.0040238593,0.0032421513,9788961251808,0.203420626
0.0024510312,0.2906856,0.0025733882,0.39741027,0.0020374805,0.30484226,9788961380607,1.631274255
0.0034419678,0.0018435853,0.9861076,0.0034402611,0.0028612216,0.0023053773,9788961461474,0.137336866
0.12513691,0.1294278,0.30314994,0.001407531,0.0011706254,0.43970722,9788961842495,1.824944981
0.0014779421,0.00079161464,0.44196415,0.08157983,0.0012285761,0.4729579,9788962531329,1.360424346
0.20932382,0.2407772,0.12483961,0.0007802533,0.00064892665,0.42363018,9788963191140,1.88149315
0.08847164,0.00029461287,0.34542224,0.39415857,0.17128453,0.0003684092,9788963193267,1.812341732
0.0032552395,0.36969855,0.0034177438,0.0032536243,0.31094924,0.30942556,9788963272603,1.660196084
0.00077063346,0.39052987,0.11913779,0.27743787,0.2116077,0.00051615835,9788963706856,1.896336257
0.5458156,0.0002720284,0.23545046,0.0005076245,0.0004221847,0.21753208,9788963711638,1.460279042
0.299561,0.00057701295,0.0011310604,0.17587999,0.21802817,0.30482274,9788963712338,1.980780772
0.33043548,0.0008330801,0.3327699,0.0015545868,0.0012929299,0.333114,9788963712345,1.619850619
0.33281866,0.0003924349,0.3435348,0.32215434,0.0006090541,0.00049073424,9788964601334,1.600593596
0.071610115,0.00022119618,0.20392379,0.0004127678,0.313442,0.4103901,9788964950081,1.799430186
0.07161424,0.00022119618,0.20392115,0.0004127678,0.31344026,0.41039038,9788964950104,1.799437231
0.12951173,0.0003119181,0.25013524,0.2077635,0.18814442,0.22413316,9788964950449,2.293643024
0.510065,0.024064276,0.2397716,0.14532962,0.080635704,0.00013376947,9788964953020,1.817804999
0.41443813,0.1969367,0.2605714,0.00056016265,0.00046588006,0.12702778,9788965293118,1.883229156
0.0021818208,0.0011686258,0.5178206,0.0021807388,0.47518685,0.00146135,9788965453772,1.065454363
0.56750983,0.0004885802,0.2750417,0.0009117253,0.00075827044,0.15528986,9788965455158,1.415719382
0.18922,0.0003739964,0.24133408,0.12737298,0.08558332,0.3561156,9788965455523,2.166339879
0.37688965,0.0019576,0.23103577,0.0036530213,0.38401607,0.002447951,9788965455738,1.617604036
0.0017363179,0.00093000545,0.4637104,0.0017354568,0.5307248,0.0011629586,9788965455943,1.051719667
0.0015550836,0.2199794,0.39937806,0.17651027,0.0012927017,0.20128445,9788965456674,1.943483577
0.3792723,0.00019903954,0.16733259,0.33960652,0.0003089069,0.11328065,9788965706267,1.853180389
0.5230476,0.00033832705,0.00066318846,0.00063134235,0.16126375,0.3140557,9788965706922,1.455941481
0.00060592673,0.00032454613,0.66980433,0.00060562615,0.32825372,0.0004058403,9788965743132,0.936099116
0.103710145,0.00034570153,0.2075483,0.039589304,0.28930488,0.35950166,9788965743521,2.046560966
0.51701456,0.09764416,0.00046916908,0.3057658,0.00037146467,0.07873487,9788965743606,1.64061675
0.9236192,0.00041825307,0.0008198604,0.0007804902,0.07383914,0.0005230195,9788965743613,0.410328762
0.8085407,0.0005877818,0.0011521697,0.001096843,0.1878875,0.0007350127,9788965743620,0.737091762
0.42604542,0.09136847,0.00036725344,0.19044566,0.29153895,0.00023428493,9788965745556,1.820939379
0.0030854838,0.26505265,0.0032395134,0.72399086,0.002564885,0.0020666094,9788966550104,0.938127605
0.43606302,0.000481387,0.36558297,0.0008983025,0.11151959,0.08545477,9788966550982,1.723433299
0.0010395572,0.0005568069,0.51029456,0.35158908,0.00086415745,0.13565582,9788967820251,1.44157263
0.4005798,0.0007916902,0.0015518708,0.0014773502,0.21179616,0.38380313,9788967995898,1.569742693
0.7496333,0.0004023447,0.0007886758,0.00075080385,0.00062443403,0.24780045,9788967996703,0.837523069
0.0011389788,0.0006100591,0.0011958376,0.0011384139,0.5228913,0.47302547,9788967996727,1.040386615
0.15237339,0.000566792,0.6178737,0.0010576741,0.22741961,0.00070876535,9788967996734,1.352656153
0.0004911407,0.0002630645,0.52090585,0.020983096,0.21331203,0.24404478,9788967996994,1.587665522
0.00095595897,0.0005120302,0.4277098,0.00095548475,0.31889123,0.25097552,9788968950322,1.575191293
0.5087686,0.0005769897,0.13629363,0.0010767039,0.35256258,0.0007215174,9788968970351,1.442505578
0.17292902,0.00052050676,0.21556623,0.00097130286,0.27819264,0.3318203,9788969890917,1.972031537
0.0038919132,0.002084585,0.0040861997,0.98409534,0.0032352498,0.0026067437,9788970131641,0.154044302
0.7752874,0.0013133446,0.0025744175,0.0024507947,0.21673174,0.0016423187,9788970136165,0.83395928
0.0010216783,0.00054723077,0.0010726814,0.88544375,0.11123041,0.0006843043,9788970631592,0.541694966
0.22490212,0.000621911,0.0012190694,0.39484894,0.37763023,0.0007776909,9788970636603,1.570486504
0.50998574,0.47282723,0.0050824075,0.0048383535,0.0040239966,0.0032422622,9788970637730,1.141152169
0.65988046,0.00033483055,0.00065633433,0.081056654,0.00051965285,0.25755206,9788971155950,1.210090441
0.06945509,0.00015244291,0.3183484,0.00028446934,0.055515423,0.55624413,9788971844366,1.500479288
0.15611108,0.00057688134,0.0011308024,0.70978093,0.13167894,0.0007213819,9788972751519,1.179255147
0.0052692713,0.002822324,0.0055323183,0.97846663,0.0043802117,0.003529276,9788972752820,0.199059678
0.13119565,0.00017600192,0.067896985,0.28272915,0.51778215,0.00022008791,9788972756590,1.659727556
0.13259125,0.20587304,0.3491637,0.00029877364,0.20277824,0.109295,9788972757009,2.205315498
0.06472441,0.00013735374,0.37198824,0.27918413,0.05044873,0.23351716,9788972758952,2.009394289
0.008155753,0.004368381,0.008562897,0.008151712,0.006779673,0.96398157,9788972882800,0.30605708
0.21656361,0.46472538,0.0015146498,0.001441917,0.001199224,0.3145552,9788972885818,1.556066915
0.21002598,0.00059862726,0.3315681,0.0011170809,0.0009290621,0.4557612,9788972885825,1.544301316
0.12249598,0.00025672483,0.26280874,0.057069343,0.24624586,0.31112334,9788973373109,2.138496445
0.0041640154,0.0022303278,0.3665721,0.62078315,0.003461441,0.002788993,9788973375813,1.062270056
0.011230544,0.006015298,0.0117911855,0.011224974,0.009335668,0.9504023,9788973376087,0.398051907
0.2784717,0.17645839,0.0016770537,0.0015965226,0.33263496,0.2091614,9788973376407,1.985875346
0.29038325,0.6986598,0.003240098,0.0030845103,0.0025653485,0.002066983,9788974144531,0.972512991
0.6767436,0.0019577343,0.0038375484,0.0036532714,0.0030383794,0.3107694,9788974470708,1.008604595
0.005270143,0.7287367,0.005533233,0.2525491,0.0043809363,0.0035298597,9788974561826,0.97854037
0.004164698,0.002230694,0.0043726014,0.72965664,0.2567859,0.002789451,9788974562717,0.945953918
0.003654102,0.6428485,0.0038365158,0.34417593,0.0030375617,0.00244746,9788974562861,1.046404665
0.004165431,0.0022310857,0.83432597,0.004163365,0.15232426,0.002789941,9788974563523,0.74073782
0.0027958509,0.0014975125,0.002935421,0.64011544,0.0023241206,0.3503317,9788974563622,1.024894594
0.003254192,0.001743009,0.0034166481,0.0032525791,0.98615396,0.002179608,9788974563660,0.136845665
0.011230535,0.006015293,0.011791178,0.011224967,0.009335659,0.9504024,9788974565091,0.398051575
0.004476962,0.9796276,0.0047004577,0.0044747423,0.0037215862,0.0029986005,9788974565367,0.190459456
0.0048416695,0.002593292,0.005083371,0.004839268,0.97939956,0.0032428748,9788975272639,0.191692482
0.31098947,0.00057698716,0.0011310101,0.45308632,0.23349468,0.0007215143,9788975275968,1.55633184
0.54371667,0.0003420136,0.30011168,0.00063822174,0.0005308009,0.15466057,9788975277078,1.432049226
0.0005400326,0.00028925194,0.651013,0.071681134,0.16900738,0.10746921,9788975278426,1.464260695
0.0071737827,0.0038424172,0.4579405,0.0071702222,0.5190682,0.0048048883,9788975581816,1.177045931
0.0071737827,0.0038424172,0.45790833,0.0071702222,0.51910037,0.0048048883,9788975581823,1.177040112
0.42749038,0.0004474668,0.00087712385,0.0008350047,0.10804125,0.46230873,9788976081032,1.407975417
0.008156812,0.004368948,0.9670776,0.008152765,0.0067805527,0.0054633073,9788979196917,0.284022428
0.008156513,0.004368787,0.64500463,0.008152467,0.32885453,0.005463106,9788979196993,1.124142757
0.009451752,0.0050625424,0.00992359,0.96137446,0.007857003,0.0063306373,9788979197006,0.324016786
0.5166536,0.0018444849,0.0036155574,0.003441941,0.0028626178,0.47158182,9788979445121,1.102053603
0.21259812,0.0008555198,0.41120633,0.37294242,0.0013277561,0.0010698154,9788980403158,1.564747841
0.3438589,0.00025265708,0.118210286,0.12199973,0.00039212062,0.41528633,9788980973569,1.797977482
0.329972,0.0003349764,0.0006566208,0.12114933,0.0005198792,0.54736716,9788980973576,1.389107206
0.41079938,0.0004074784,0.14650598,0.00076038373,0.19884929,0.24267751,9788980974511,1.90482096
0.006402839,0.003429486,0.006722474,0.97383416,0.005322519,0.0042885235,9788982180934,0.234438775
0.00055523444,0.25965858,0.35596916,0.00055495906,0.115035534,0.26822653,9788982181948,1.915695469
0.926313,0.009659133,0.018933818,0.018024625,0.014990854,0.012078608,9788982816345,0.547536042
0.60991824,0.0013696406,0.0026847683,0.0025558476,0.002125665,0.38134584,9788983670755,1.042289531
0.00024787115,0.14835727,0.51021177,0.2334665,0.00020604901,0.10751053,9788984314146,1.745116431
0.0007511918,0.6345143,0.1162605,0.2473464,0.0006244467,0.0005031366,9788984316904,1.295811737
0.23296154,0.055376116,0.00031859332,0.52052337,0.077681646,0.113138735,9788984318540,1.856881404
0.48169002,0.00011264319,0.040883016,0.06040187,0.11205039,0.30486202,9788984370951,1.818537915
0.0036532625,0.0019567583,0.0038356353,0.555635,0.0030368648,0.43188256,9788984470019,1.097565271
0.004841841,0.0025933841,0.005083549,0.19384813,0.46304998,0.3305831,9788984571372,1.599340272
0.002796053,0.6682442,0.32196805,0.002794667,0.0023242885,0.0018727531,9788984985001,0.999768551
0.0071734115,0.003842219,0.31196553,0.6662511,0.0059630764,0.00480464,9788984985421,1.077596494
0.0027956285,0.58954924,0.002935189,0.0027942422,0.40005323,0.0018724689,9788984985810,1.067264122
0.0057806103,0.6509789,0.0060691857,0.0057777436,0.004805276,0.32658827,9788985554640,1.09806146
0.0006669824,0.13763052,0.2710803,0.00066665176,0.38007653,0.209879,9788987527826,1.92152396
0.0034418963,0.001843547,0.42559195,0.0034401896,0.37587273,0.18980972,9788987944371,1.583243442
0.71438605,0.0014979934,0.0029363672,0.0027953621,0.276511,0.0018732194,9788987944609,0.938891776
0.0024515684,0.3529413,0.0025739535,0.002450353,0.3319408,0.307642,9788988738337,1.646264246
0.0038928005,0.0020850587,0.52141976,0.0038908676,0.46610412,0.0026073363,9788989558798,1.106433189
0.5188834,0.0012128891,0.4742413,0.0022633374,0.0018823888,0.0015167006,9788989646464,1.064445172
0.0048411493,0.0025930144,0.0050828243,0.98021615,0.004024326,0.0032425276,9788989692607,0.185330365
0.90417296,0.0014999957,0.002940291,0.002799102,0.0023279747,0.08625967,9788989888291,0.51924477
0.9784684,0.002822426,0.0055325143,0.0052668466,0.00438037,0.0035294034,9788989888314,0.199046096
0.002354387,0.0012610555,0.5470714,0.002353219,0.13543548,0.31152445,9788989903567,1.444112736
0.15420008,0.0019578736,0.83470166,0.0036535305,0.0030385957,0.0024482931,9788990365460,0.727317575
0.003253953,0.0017428806,0.9868665,0.0032523393,0.0027049289,0.0021794473,9788990365590,0.130906479
0.18980771,0.0010888834,0.511735,0.002031934,0.0016899336,0.29364648,9788990736185,1.51322466
0.5215505,0.0016527866,0.00323979,0.003084218,0.0025651043,0.46790767,9788990835123,1.092355751
0.62714964,0.00046713313,0.26706618,0.00087170367,0.0007249848,0.10372033,9788990959997,1.29151029
0.24434048,0.0018451321,0.32051843,0.0034431494,0.0028636223,0.42698914,9788990978868,1.616238648
0.003442476,0.0018438571,0.003614328,0.0034407687,0.39652023,0.5911383,9788991029255,1.079899007
0.39286923,0.0012130052,0.0023777313,0.60014063,0.0018825689,0.0015168457,9788991120952,1.035343508
0.0027959782,0.0014975804,0.002935554,0.9141771,0.002324226,0.076269485,9788991594807,0.484311582
0.0034423335,0.0018437811,0.25840005,0.0034406257,0.7305676,0.002305622,9788991594920,0.928629191
0.6462952,0.0013129874,0.0025737158,0.27404973,0.07412651,0.0016418721,9788991622937,1.246936964
0.5883924,0.00054733263,0.0010728809,0.200891,0.1253219,0.08377451,9788991643673,1.607079031
0.0016406779,0.0008787789,0.463433,0.0016398643,0.001363854,0.5310439,9788991958562,1.051358609
0.4642046,0.0017434224,0.0034174572,0.0032533512,0.525201,0.0021801249,9788992043557,1.092030324
0.9840946,0.0020849318,0.00408688,0.0038906334,0.0032357883,0.0026071777,9788992113229,0.154050735
0.75521106,0.0014308401,0.23667815,0.0026700492,0.002220646,0.0017892452,9788992214513,0.870201043
0.00077061844,0.37768823,0.00080908835,0.23132257,0.00064059556,0.38876885,9788992235518,1.572082783
0.452867,0.29118788,0.0011957914,0.25303972,0.00094676774,0.0007628409,9788992356091,1.566549044
0.15683551,0.114613965,0.13695978,0.1242952,0.23919,0.22810556,9788992433990,2.524086142
0.2931966,0.0822669,0.0006562956,0.0006247805,0.23175249,0.39150292,9788992445627,1.84752936
0.0032543752,0.0017431065,0.7292238,0.0032527614,0.2603462,0.00217973,9788992537032,0.92669104
0.0014425245,0.0007726441,0.22357282,0.0014418091,0.18607186,0.58669835,9788992723343,1.421165836
0.0014425244,0.00077264407,0.22353147,0.001441809,0.18609786,0.5867137,9788992723350,1.421151347
0.9093834,0.00047408947,0.0009293099,0.08788454,0.000735781,0.0005928422,9788992723411,0.461550422
0.44953877,0.22411738,0.12513658,0.0010767733,0.0008955386,0.19923493,9788992751902,1.860713965
0.05792971,0.21442488,0.24173796,0.00057099154,0.052086364,0.4332501,9788992825733,1.960605569
0.40180483,0.0015715259,0.45187822,0.0029325795,0.0024389888,0.13937388,9788992826112,1.503112025
0.10818723,0.00023934366,0.00046916137,0.7162827,0.17452225,0.00029929585,9788992947121,1.143033113
0.5956074,0.093339354,0.00069283927,0.0006595694,0.13267219,0.17702867,9788993342048,1.607668131
0.002555721,0.0013688941,0.4545059,0.53773326,0.0021245067,0.0017117828,9788993342468,1.06797702
0.4663826,0.5293278,0.0012684852,0.001207573,0.001004323,0.000809215,9788993447606,1.041239675
0.50046724,0.0006343689,0.0012434893,0.19199893,0.0009845328,0.30467144,9788993484274,1.50789546
0.3030047,0.00064728316,0.5583937,0.0012078766,0.13593699,0.0008094184,9788993489507,1.40960318
0.30104223,0.0005381042,0.001054791,0.3613073,0.33538467,0.0006728916,9788993489743,1.604014845
0.2974416,0.0012616944,0.002473173,0.13989931,0.14369467,0.41522956,9788993563597,1.879566767
0.5358852,0.00017408695,0.039562635,0.29911312,0.12504724,0.00021769326,9788993690460,1.567372265
0.65809286,0.0009876214,0.0019359344,0.19492567,0.14282292,0.0012350065,9788993693034,1.297323577
0.5593683,0.0007043467,0.0013806601,0.22290117,0.21476473,0.0008807755,9788993964134,1.457551913
0.99603,0.0005204021,0.0010200917,0.0009711075,0.0008076576,0.0006507554,9788993964165,0.0464348503
0.0014422615,0.1332113,0.0015142602,0.2947574,0.0011989154,0.5678759,9788993964318,1.409903918
0.00092644873,0.00049622386,0.0009726976,0.6134335,0.3835506,0.0006205209,9788993964356,0.993872101
0.23109685,0.0005381619,0.0010549047,0.28899217,0.00083522056,0.4774827,9788994081229,1.540004577
0.0019025734,0.7089873,0.28435263,0.0019016303,0.0015815616,0.0012743145,9788994175577,0.929015461
0.0025562993,0.0013692034,0.32463452,0.0025550313,0.0021249866,0.66675997,9788994212166,0.992723066
0.5579541,0.00027434292,0.23814346,0.00051194354,0.20277317,0.00034306193,9788994353197,1.442242659
0.11503933,0.14195538,0.3674642,0.37487033,0.0003714659,0.0002993019,9788994893235,1.827832242
0.0023543464,0.0012610339,0.6737235,0.0023531786,0.31873098,0.001576905,9788994938561,0.977568189
0.47907382,0.0017429714,0.0034165706,0.510882,0.00270507,0.002179561,9788995266410,1.089947588
0.0036535647,0.0019569204,0.9852535,0.0036517521,0.003037116,0.002447101,9788995429419,0.144501371
0.0026705519,0.0014303997,0.0028038681,0.0026692273,0.98863727,0.0017886945,9788995691403,0.115563044
0.008157916,0.004369539,0.008565165,0.008153874,0.9652895,0.0054640467,9788995835470,0.296503695
0.59560186,0.09335601,0.0006928393,0.0006595694,0.13266747,0.17702222,9788996037996,1.607691185
0.30918267,0.0009878905,0.43891075,0.0018434743,0.0015331939,0.247542,9788996046325,1.584571602
0.0017885686,0.3997571,0.30834284,0.28742674,0.001486792,0.0011979556,9788996084259,1.611100502
0.06784718,0.25372648,0.11040101,0.22473854,0.34305516,0.00023158174,9788996193302,2.132687421
0.00059985725,0.07660292,0.00062980276,0.47469735,0.00049864623,0.44697142,9788996194712,1.332041076
0.09785123,0.08467593,0.26089212,0.14977998,0.25415498,0.15264583,9788996194729,2.461923242
0.013839597,0.0074127577,0.94414085,0.013832732,0.011504509,0.009269549,9788996231707,0.438340856
0.0026710934,0.24909054,0.002804437,0.3515673,0.39207757,0.0017890567,9788996277705,1.622250688
0.039905008,0.0001311509,0.4392973,0.00024473693,0.18522446,0.33519736,9788996292869,1.690570299
0.39007843,0.2957464,0.15888858,0.00097138033,0.15366428,0.0006509383,9788996328766,1.903096026
0.009448964,0.38019416,0.009920666,0.009444278,0.007854687,0.5831372,9788996521990,1.232201503
0.6736613,0.0006345395,0.047377326,0.08977908,0.18775429,0.00079348264,9788996572039,1.3725506
0.4721247,0.00046041675,0.12313077,0.40299386,0.0007145611,0.0005757446,9788996656951,1.430427705
0.26025,0.000321333,0.35805547,0.0005996303,0.00049870485,0.38027486,9788996875611,1.582017503
0.26781073,0.00014353101,0.18909968,0.07946173,0.1836791,0.2798052,9788997092147,2.218741568
0.0009559931,0.32623532,0.67041814,0.0009555188,0.0007946928,0.0006403093,9788997150892,0.948093964
0.14083745,0.00026305777,0.21045673,0.2559338,0.08454007,0.3079689,9788997396337,2.202402984
0.00071523245,0.43326104,0.0007509372,0.26058903,0.1392888,0.16539498,9788997659012,1.869146134
0.00059986225,0.15683497,0.69482464,0.1468401,0.00049865025,0.00040177838,9788997659135,1.206976445
0.0015156791,0.18769191,0.3058875,0.33869267,0.16519713,0.0010151782,9788997659364,1.958196515
0.27155206,0.0002816434,0.17541903,0.22751573,0.23515232,0.090079196,9788997751143,2.244383925
0.0008475548,0.26181698,0.47313887,0.14832745,0.0007045508,0.11516462,9788997980680,1.80052273
0.46932724,0.0010893415,0.17598821,0.002032789,0.35020018,0.001362206,9788998079260,1.525280667
0.045708887,0.024482567,0.047990732,0.045686193,0.8055165,0.030615102,9788998711023,1.153466988
0.6840245,0.000930124,0.0018232273,0.15626605,0.15579294,0.0011631069,9788998802011,1.248409524
0.0767888,0.0007726164,0.0015144823,0.52369434,0.2205831,0.17664665,9788998886875,1.718041387
0.00047160767,0.072435245,0.21906413,0.00047137373,0.40718237,0.3003753,9788998937102,1.813632092
0.41022053,0.30052787,0.10537493,0.00059361,0.0004936978,0.18278937,9788998937140,1.850621622
0.054806273,9.75E-05,0.2646,0.00018194712,0.38347474,0.2968395,9791104906497,1.791107721
0.3429115,0.00015850493,0.28864467,0.13722672,0.23086041,0.00019820817,9791104912092,1.932813119
0.001039512,0.00055678276,0.0010914049,0.7773191,0.219297,0.00069624896,9791127216023,0.796906444
0.0034424183,0.20210883,0.0036142662,0.0034407116,0.7850881,0.0023056788,9791127219802,0.846118325
0.37752336,0.45600948,0.0022098853,0.0021037674,0.0017496763,0.16040385,9791128857362,1.524883596
0.10406656,0.5240158,0.0025744736,0.0024508485,0.36524993,0.0016423546,9791130606460,1.417581777
0.7196455,0.07114883,0.0028051552,0.0026704536,0.20194054,0.0017895161,9791130612300,1.141885351
0.20848893,0.22417884,0.20657085,0.0008591844,0.35932645,0.00057575386,9791130622781,1.970758282
0.0006384371,0.00034195936,0.77228326,0.22577807,0.0005307167,0.0004276153,9791130631486,0.793929111
0.001057964,0.26733392,0.5009799,0.0010574394,0.22886212,0.0007086079,9791130640723,1.523594508
0.31130782,0.24114399,0.0008650852,0.3094805,0.000684931,0.13651767,9791130651095,1.950810126
0.00050784403,0.00027201115,0.000533196,0.29506737,0.31867304,0.3849465,9791130654744,1.590094398
0.4324977,0.10226936,0.31978998,0.0009713562,0.1438207,0.0006509222,9791130689906,1.804376024
0.107070126,0.65730596,0.23385681,0.0007063371,0.0005874517,0.0004733285,9791130693095,1.252196829
0.0005168025,0.0002768094,0.12575305,0.51225954,0.22189464,0.13929918,9791130696935,1.75753902
0.00094113743,0.00050409144,0.39520866,0.23825425,0.17158897,0.19350292,9791130697260,1.932206326
0.81861806,0.006608102,0.00012756725,0.17446387,0.00010100135,8.14E-05,9791130810744,0.727789594
0.21750149,0.2288645,0.00038774536,0.00036912598,0.24822034,0.3046568,9791130814766,1.995604567
0.58614564,9.75E-05,0.047394358,0.19539832,0.0001513103,0.17081292,9791130814803,1.55919001
0.11404442,0.0005291287,0.35431278,0.0009873918,0.21280965,0.31731665,9791130818313,1.903761366
0.0010217985,0.3049936,0.39901978,0.0010212917,0.0008493952,0.29309416,9791130818856,1.599292413
0.12956814,0.0923488,0.18837687,0.3678871,0.22148173,0.00033733714,9791130819013,2.169338932
0.23547347,0.00040238534,0.4439711,0.00075087976,0.0006244971,0.3187777,9791130819679,1.556143236
0.2234369,0.00045391996,0.00088977366,0.000847047,0.100678064,0.6736944,9791130819709,1.223144157
0.0009409589,0.00050399586,0.18862627,0.00094049214,0.44737616,0.3616121,9791130821276,1.528160144
0.18427087,0.13783687,0.4296978,0.000544785,0.0004530907,0.24719658,9791137266544,1.876696855
0.0013450887,0.0007204555,0.0014122365,0.5042065,0.4914148,0.0009009194,9791138501064,1.044641044
0.00095623086,0.22954191,0.16348927,0.055006277,0.2871641,0.26384225,9791138501071,2.178344112
0.011233004,0.0060166162,0.95466155,0.011227434,0.009337713,0.007523693,9791138806060,0.369788014
0.013840663,0.0074133296,0.9441365,0.013833796,0.011505395,0.009270263,9791139204209,0.438368294
0.0009122791,0.00048863434,0.00095782103,0.42936444,0.56766576,0.0006110303,9791155642528,1.01814064
0.51739293,0.0005770147,0.0011310638,0.0010767503,0.0008955196,0.47892675,9791156020998,1.037509974
0.2851595,0.0009880662,0.34697112,0.23951055,0.0015334664,0.12583733,9791156224105,1.940380407
0.83861595,0.0014311647,0.002805369,0.15313672,0.0022211499,0.0017896511,9791156225966,0.700713247
0.6559927,0.0012617161,0.002473214,0.33673644,0.0019581676,0.001577758,9791156290117,0.993655695
0.003893068,0.61360615,0.0040874113,0.0038911363,0.14937101,0.2251512,9791156290483,1.421139255
0.63768005,0.08842742,0.00056187995,0.0005348987,0.00044486843,0.27235088,9791156330257,1.251244403
0.45615813,0.23093648,0.12769021,0.00089790556,0.18371558,0.00060170173,9791156344469,1.848607799
0.10070515,0.00052919966,0.22472858,0.45773536,0.0008213113,0.21548043,9791156623045,1.824911413
0.23947723,0.29701227,0.3188541,0.00053019513,0.0004409565,0.14368525,9791156625469,1.952662843
0.18908766,0.09447459,0.4393697,0.0008591175,0.0007145171,0.27549443,9791156625834,1.82585811
0.10617476,0.0006471533,0.37022898,0.23887756,0.28326228,0.000809256,9791157232826,1.898338571
0.0004185705,0.16430674,0.16360082,0.1657416,0.17416081,0.33177152,9791157400935,2.257096569
0.29472575,0.00054734474,0.077718735,0.21745713,0.00084947224,0.4087016,9791157403844,1.826757043
0.24215382,0.0007043531,0.7538535,0.0013143728,0.0010931472,0.00088078354,9791157765126,0.842400146
0.578545,0.0007544374,0.0014788478,0.072738335,0.0011708775,0.3453125,9791157783762,1.294643292
0.0048420723,0.002593508,0.72098154,0.004839671,0.0040250923,0.26271808,9791157786220,0.975672301
0.24993895,0.0003785124,0.1157666,0.103735074,0.00058744656,0.5295934,9791157951772,1.695462452
0.16048025,0.28427386,0.24308272,0.00042438248,0.31145433,0.00028438587,9791157954537,1.967707953
0.53609663,0.00017897405,0.00035082473,0.118757576,0.34439224,0.0002238045,9791158603793,1.385834389
0.00061867456,0.00033137406,0.44238,0.0006183675,0.49554595,0.06050565,9791158606640,1.284335305
0.64800984,0.00026092524,0.124987476,0.14872333,0.00040495273,0.077613436,9791158609252,1.483335777
0.16672263,0.000407429,0.7105611,0.12116708,0.0006323247,0.00050948415,9791158772161,1.167002128
0.11020983,0.17946815,0.1552151,0.062093455,0.40856662,0.084446825,9791158886752,2.290260466
0.0008983759,0.00048118757,0.7453351,0.0008979301,0.00074679713,0.25164062,9791158888701,0.848197814
0.01803059,0.009657536,0.018930694,0.018021647,0.014988375,0.9203712,9791159160356,0.582879316
0.2581394,0.1529388,0.10650832,0.0002778917,0.27808017,0.20405543,9791159255687,2.24740847
0.5694304,0.05297321,0.15485321,0.0002058394,0.22239941,0.00013793645,9791159257148,1.590480088
0.4952787,0.0020852487,0.004087502,0.0038912233,0.00323628,0.4914211,9791159873492,1.114671893
0.37899402,0.00048118486,0.6182784,0.00089792506,0.00074679294,0.0006017148,9791159923005,0.987965788
0.96138716,0.005061493,0.00992153,0.009445104,0.007855374,0.0063293246,9791160200485,0.323930104
0.812211,0.0034295206,0.006722543,0.0063997284,0.16694869,0.0042885668,9791160200515,0.83183774
0.74043673,0.0043696207,0.008565324,0.23438263,0.006781597,0.0054641487,9791160200522,0.994588859
0.38463333,0.00057701144,0.2324481,0.0010767444,0.15595247,0.22531238,9791160232318,1.938829992
0.28031653,0.2606085,0.14903067,0.001021182,0.000849304,0.30817384,9791160261691,1.971368335
0.24602282,0.17864218,0.0008195503,0.37748745,0.19650522,0.0005228223,9791160261745,1.947566801
0.5438262,0.00031194094,0.0006114664,0.25870052,0.037231717,0.15931812,9791160262339,1.591645368
0.31336498,0.10619662,0.57819164,0.0008980521,0.00074689847,0.00060179987,9791160262490,1.348442224
0.43367472,0.0015712663,0.0030799939,0.5572706,0.0024385857,0.0019648462,9791160262568,1.07196362
0.6062347,0.00072014617,0.0014116296,0.3896153,0.0011176579,0.0009005325,9791160263206,1.008515377
0.001442007,0.22435817,0.19765078,0.27511626,0.0011987041,0.30023408,9791160402193,2.004679807
0.122806124,0.00093009707,0.3641195,0.31537744,0.0014434991,0.19532336,9791160406849,1.910503066
0.58618444,0.00070421724,0.23465386,0.0013141193,0.0010929364,0.1760504,9791160408508,1.414327999
0.00039632086,0.00021227717,0.68769634,0.19878268,0.11264686,0.00026544958,9791160409291,1.199847136
0.006402852,0.0034294915,0.006722482,0.006399675,0.005322528,0.97172296,9791160543346,0.250309667
0.09757153,0.5946286,0.00067768514,0.14606325,0.00053655717,0.16052242,9791160841404,1.615502484
0.51783055,0.0013690816,0.16823687,0.30872667,0.0021247976,0.001712017,9791161151106,1.495361548
0.43634865,0.0015712405,0.0030799434,0.0029320465,0.0024385457,0.5536296,9791161151786,1.080483683
0.43640324,0.0015712406,0.0030799436,0.0029320468,0.002438546,0.553575,9791161152011,1.080502435
0.37981576,0.00018626873,0.14066069,0.00034759074,0.26258847,0.21640126,9791161570693,1.919219388
0.3329094,0.00020950708,0.0004106756,0.43750694,0.22870146,0.00026198564,9791161570747,1.547120577
0.07486154,0.071351424,0.5359389,0.08754799,0.00040823847,0.22989185,9791161570846,1.833810738
0.21470584,0.00055688067,0.0010915974,0.0010391788,0.7819102,0.0006963713,9791161572147,0.788436264
0.12449478,0.18758214,0.2508719,0.3844778,0.00017418351,0.052399147,9791162202531,2.082897826
0.28738028,0.30967024,0.2411184,0.1613913,0.00024355203,0.00019623763,9791162209011,1.965540031
0.001375881,0.41146037,0.001444566,0.33933246,0.001143735,0.24524301,9791163160397,1.591417316
0.23683296,0.00013059613,0.27519703,0.1302597,0.32072803,0.036851704,9791163160830,2.09081201
0.68670106,0.3052553,0.0023785934,0.0022643723,0.0018832495,0.0015173941,9791163161332,0.966815714
0.46098897,0.0006608237,0.063620366,0.47287792,0.0010255902,0.0008263507,9791164712199,1.304418135
0.8411245,0.00046721514,0.000915835,0.054388106,0.0007251121,0.1023793,9791164871087,0.797011186
0.06389414,0.32873127,0.4507225,0.15534258,0.0007251831,0.0005843031,9791165091002,1.730516688
0.2635806,0.14165245,0.23989552,0.14870706,0.20569105,0.00047333806,9791165120498,2.28388015
0.40101224,0.34322986,0.0010039787,0.0009557681,0.2531577,0.00064047636,9791165343460,1.586278783
0.0013447831,0.24044698,0.46371397,0.001344116,0.0011178842,0.2920322,9791165343675,1.563726326
0.00039369336,0.00021086982,0.3355987,0.2536422,0.26342362,0.14673091,9791165344993,1.950883863
0.80028075,0.00068915257,0.1958128,0.0012860079,0.0010695562,0.00086177554,9791165345020,0.756784067
0.3255215,9.49E-05,0.67394066,0.00017705829,0.00014725713,0.000118649754,9791165345693,0.91765171
0.59429204,0.00012850214,0.40497953,0.00023979411,0.00019943374,0.0001606901,9791165347925,0.98331508
0.2002283,0.00045389458,0.18872577,0.00084699964,0.38732842,0.22241658,9791165348069,1.944632031
0.0029333155,0.18609269,0.0030797503,0.002931861,0.80299765,0.0019646895,9791165390341,0.798325267
0.76956147,0.0014975914,0.0029355767,0.22180837,0.0023242433,0.0018727167,9791165390709,0.848764278
0.43114352,0.14168353,0.0011111376,0.0010577814,0.08854618,0.33645785,9791165394585,1.782535194
0.298239,0.00025464097,0.20058228,0.00047517818,0.22246307,0.2779858,9791165398422,1.989543376
0.4779751,0.0014980102,0.0029363984,0.26666746,0.0023248934,0.24859816,9791165398460,1.575852807
0.42180625,0.0011277789,0.00221067,0.5716948,0.0017502988,0.0014102714,9791165450397,1.04640094
0.018034382,0.009659569,0.018934678,0.9263007,0.014991531,0.012079153,9791165450793,0.547606662
0.53606546,0.0034298375,0.0067231627,0.0064003193,0.0053230654,0.4420582,9791165522124,1.16626143
0.7670561,0.21997078,0.0038363128,0.003652094,0.0030373996,0.0024473295,9791165525392,0.881017201
0.19148007,0.00048133085,0.24296251,0.1698743,0.39459997,0.00060189737,9791165796020,1.928123894
0.00089877413,0.00048140084,0.36431703,0.11579726,0.0007471281,0.5177584,9791166291135,1.404729567
0.0010772316,0.0005769861,0.33749747,0.0010766973,0.40504754,0.2547241,9791166831164,1.587003645
0.0018438484,0.0009876009,0.18620203,0.80819887,0.0015327443,0.0012349808,9791166833397,0.752713962
0.0020328974,0.12618273,0.37188718,0.0020318893,0.0016898967,0.4961754,9791167370747,1.461124047
0.0012868308,0.03466336,0.6226137,0.0012861926,0.33928806,0.00086189935,9791167371522,1.156318701
0.68849874,0.2023172,0.0012435165,0.10616273,0.0009845544,0.0007932868,9791167371829,1.210654267
0.6870736,0.0010190771,0.30714974,0.0019016706,0.0015815952,0.0012743416,9791167372482,0.949383236
0.001286831,0.034659505,0.62263596,0.0012861928,0.33926964,0.00086189946,9791167372512,1.156286519
0.0018442693,0.0009878265,0.14899743,0.4922632,0.35467198,0.001235263,9791167374172,1.481519036
0.0011387725,0.0006099487,0.0011956203,0.9953463,0.0009466328,0.0007627322,9791167374998,0.053362359
0.86217713,0.00048127392,0.0009433931,0.00089809153,0.0007469312,0.1347532,9791167522689,0.605743598
0.7400649,0.0004075822,0.0007989424,0.20494196,0.053276937,0.00050967577,9791167763860,1.033801202
0.15395282,6.77E-05,0.50620013,0.00012634217,0.18029612,0.15935686,9791168151048,1.783215529
0.0034440092,0.40128586,0.32338074,0.2667197,0.0028629177,0.002306744,9791168260580,1.636401643
0.13032033,0.39243647,0.0022906193,0.002180625,0.47131068,0.0014612734,9791168260771,1.477325848
0.6523394,0.00067456637,0.0013222848,0.0012587892,0.34356147,0.0008435357,9791168261266,0.97208292
0.1730799,0.12943497,0.6455088,0.051110588,0.0004794325,0.000386294,9791168362192,1.456347162
0.78328466,0.00087887084,0.0017227626,0.21165074,0.0013639966,0.0010990155,9791168366695,0.798696201
0.78028005,0.0014976937,0.002935777,0.0027948036,0.21061881,0.0018728448,9791168366756,0.832038965
0.24160953,0.00048868026,0.00095791055,0.5721642,0.18416865,0.0006110877,9791168369306,1.427038325
0.42013007,0.0007043436,0.17961705,0.0013143553,0.25644752,0.14178671,9791168550490,1.89354768
0.0025561207,0.0013691081,0.654733,0.0025548525,0.3370749,0.0017120503,9791168552999,1.001653031
0.0011844212,0.00063439895,0.40058354,0.0011838333,0.4667895,0.1296243,9791168614024,1.453617027
0.002264493,0.3654522,0.62662077,0.0022633702,0.001882416,0.0015167225,9791169103077,1.024310756
0.0034436127,0.13312796,0.003615521,0.12173748,0.0028625883,0.7352128,9791169109123,1.165091598
0.40298212,0.000720294,0.0014119197,0.32992622,0.2640587,0.0009007174,9791169570992,1.593480803
0.9916948,0.0010886661,0.0021340023,0.0020315282,0.0016895963,0.0013613616,9791169812597,0.0882705368
0.025879556,0.8822355,0.027171446,0.025866738,0.021513013,0.01733372,9791170222040,0.794203333
0.000872149,0.20283014,0.16333503,0.6316535,0.00072499533,0.0005841518,9791170360070,1.335174799
0.817441,0.046695985,0.069161706,0.00035813314,0.06610317,0.00023999104,9791171680832,0.976739086
0.10080389,0.3443285,0.0012686229,0.0012077038,0.2857735,0.2666178,9791172131333,1.912129578
0.41613638,0.00012354786,0.3529149,0.00023054905,0.17956759,0.051027067,9791172242787,1.724940806
0.0005500446,0.38112205,0.18406336,0.13299169,0.30090445,0.00036841133,9791185254661,1.898426891
0.0011389431,0.61648107,0.0011958003,0.37947455,0.00094677473,0.00076284655,9791185401409,1.000857143
0.6561669,9.32E-05,0.000182737,0.08099086,0.000144682,0.26242155,9791185405063,1.204389159
0.2104194,0.0010890736,0.7834071,0.0020322895,0.0016902287,0.001361871,9791185407647,0.806474402
0.0014080681,0.00075418863,0.0014783605,0.40016353,0.0011704913,0.59502536,9791185407715,1.020870324
0.64136183,0.00036976044,0.05120817,0.306024,0.0005738636,0.00046238018,9791185407920,1.168824809
0.4103249,0.0009580174,0.0018779052,0.001787729,0.5838534,0.0011979872,9791185502564,1.035150585
0.09832949,0.00019783876,0.14226477,0.00036918116,0.16699627,0.5918425,9791185711140,1.614976916
0.0010968496,0.000587494,0.0011516052,0.34245726,0.1076754,0.54703134,9791185962078,1.380058897
0.08896717,0.00058757904,0.001151772,0.0010964646,0.4613772,0.44681978,9791185962245,1.373076689
0.0018444012,0.000987897,0.42093635,0.0018434867,0.3443378,0.23005,9791186025093,1.586154091
0.087722085,0.0006472209,0.0012686822,0.0012077601,0.47506747,0.4340868,9791186129531,1.37149821
0.62603843,0.00030901827,0.0006057375,0.27494133,0.00047959253,0.0976259,9791186129951,1.278217761
0.061550204,0.00017795555,0.609546,0.0003320777,0.10232785,0.22606592,9791186142790,1.510430021
0.0010398757,0.0005569776,0.69482374,0.00103936,0.3018435,0.00069649256,9791186452462,0.920531938
0.12820084,0.37454134,0.0007600114,0.08667099,0.19022773,0.21959908,9791186590201,2.159973102
0.25144312,0.00035727597,0.00070033217,0.00066670246,0.25418368,0.49264893,9791186639894,1.524720018
0.0016874676,0.0009038405,0.85146695,0.0016866309,0.0014027493,0.14285241,9791186644706,0.652079153
0.027481694,0.00028934804,0.08657052,0.10259012,0.40177608,0.38129228,9791186748039,1.847449295
0.5506828,0.00025467636,0.0568685,0.29692224,0.094953276,0.0003184692,9791186748480,1.558620467
0.36802435,0.0007543305,0.001478638,0.5654239,0.0011707116,0.06314802,9791186748855,1.28063176
0.33080137,0.00020952885,0.057496455,0.278397,0.122858696,0.21023698,9791186748947,2.125650499
0.24321091,0.0009877175,0.0019361234,0.001843151,0.0015329253,0.7504892,9791186904145,0.865242425
0.14099257,0.22788085,0.3111961,0.000303332,0.15751289,0.16211429,9791186963289,2.257875857
0.73620164,0.0028227407,0.0055331304,0.005267436,0.0043808585,0.24579419,9791187085027,0.96245891
0.21807326,0.00042955717,0.22727515,0.0008015844,0.32850266,0.22491783,9791187192015,1.989703968
0.30949596,0.00055697537,0.0010917828,0.17857029,0.27567357,0.23461148,9791187192183,1.987451902
0.0034426746,0.0018439635,0.0036145353,0.6109744,0.0028618083,0.37726262,9791187312024,1.063274673
0.00097172975,0.49000028,0.0010202395,0.00097124797,0.19503815,0.31199837,9791187413097,1.518076238
0.08953389,0.23417588,0.44801736,0.14927657,0.0004888509,0.07850748,9791187413363,2.024305134
0.20085226,0.0008788583,0.0017227378,0.0016400121,0.5651393,0.22976679,9791187413509,1.457845554
0.28727236,0.14960344,0.56191593,0.0004829628,0.00040167398,0.00032364152,9791187440260,1.407858419
0.77205974,0.00030889735,0.0006055001,0.0005764244,0.16341859,0.06303084,9791187440475,0.982847105
0.1431827,0.03952743,0.24838564,0.4158084,0.15302573,7.01E-05,9791187494140,2.026626361
0.0029336512,0.0015713201,0.45523307,0.0029321953,0.0024386693,0.53489107,9791187789192,1.084827358
0.0038930972,0.0020852182,0.25366208,0.4606701,0.277082,0.0026075356,9791188022021,1.602284749
0.39135176,0.0012609935,0.0024717988,0.33939156,0.0019570463,0.26356685,9791188022137,1.61698171
0.0008850619,0.24414988,0.15735817,0.24080007,0.0007357297,0.35607108,9791188047857,1.958173391
0.44365317,0.00038301726,0.20325506,0.1129569,0.11949149,0.1202604,9791188200313,2.080849935
0.0026710052,0.0014306426,0.0028043452,0.0026696804,0.98863536,0.0017889981,9791188286034,0.115579844
0.0020337417,0.0010893114,0.52676374,0.0020327328,0.4667183,0.0013621686,9791188468065,1.060286833
0.59750897,0.00090380106,0.0017716299,0.0016865568,0.0014026881,0.3967263,9791188487035,1.027240177
0.5685282,0.0004811901,0.00094322825,0.0008979349,0.10209131,0.3270582,9791188502103,1.350482505
0.14140898,0.0004963192,0.2241223,0.43927354,0.19407827,0.0006206401,9791188554270,1.875084446
0.7955045,0.0009580894,0.0018780453,0.1989744,0.001486943,0.0011980772,9791188579655,0.778253529
0.37877727,0.26189184,0.16960326,0.00067435566,0.18860137,0.00045189713,9791188660537,1.936888187
0.006403362,0.003429764,0.006723017,0.006400183,0.0053229514,0.97172076,9791188710294,0.250326215
0.3945831,0.00046048168,0.43759507,0.16607085,0.00071466184,0.0005758258,9791189034535,1.500045525
0.64258146,0.0004074929,0.19110414,0.0007604109,0.11550034,0.049646154,9791189040772,1.453487369
0.0044777044,0.0023983459,0.40341622,0.004475483,0.0037222032,0.58151007,9791189176204,1.103927153
0.0048421808,0.0025935664,0.0050839093,0.0048397793,0.44636863,0.5362719,9791189176389,1.137003144
0.008154585,0.0043677553,0.008561665,0.008150541,0.006778702,0.96398675,9791189176396,0.306020746
0.5162205,0.28200912,0.001195765,0.198865,0.0009467471,0.00076282426,9791189178215,1.499846157
0.34139365,0.10260489,0.24003883,0.31504366,0.0005089256,0.00041005752,9791189178536,1.895688956
0.00155532,0.00083305966,0.5520181,0.2438914,0.0012928982,0.20040919,9791189178550,1.46986482
0.1806677,0.00048134822,0.0009435382,0.46025285,0.09980847,0.25784612,9791189271138,1.812064584
0.00039895682,0.20177484,0.3967329,0.00039875892,0.4004273,0.00026721507,9791189333102,1.53598003
0.003653641,0.4472039,0.36896005,0.003651828,0.17408343,0.0024471523,9791189486556,1.569380819
0.00067453075,0.00036129178,0.4470098,0.00067419617,0.3145673,0.23671292,9791189770235,1.554545791
0.5784268,0.00039240008,0.0007691819,0.41931197,0.00060900004,0.00049069076,9791189852207,1.006910713
0.36380008,0.13214877,0.00076936465,0.00073242007,0.21374291,0.28880647,9791189951092,1.925428382
0.17119059,0.26732892,0.2755258,0.000823615,0.0006849901,0.28444612,9791190526005,1.988683267
0.29062095,0.15460132,0.22731692,0.00045352057,0.21219486,0.11481237,9791190526203,2.258480145
0.15142016,0.00019187371,0.49645248,0.16066414,0.11035593,0.080915436,9791190526210,1.984529223
0.22079578,0.00019904856,0.079555795,0.20444801,0.14593205,0.3490693,9791190526326,2.177594802
0.28185812,0.00039729712,0.38229346,0.0007413847,0.00061660015,0.33409312,9791190526807,1.592478614
0.40034175,0.0003534128,0.43783852,0.1604759,0.00054849224,0.00044193768,9791190526814,1.488933398
0.17564937,0.000520409,0.40876058,0.0009711203,0.0008076683,0.4132909,9791190885294,1.518865137
0.0014082156,0.08883764,0.001478515,0.001407517,0.6955114,0.21135668,9791190971744,1.18911431
0.27332154,0.00095821574,0.34277946,0.0017880991,0.3799544,0.0011982352,9791191029178,1.608960661
0.0019030042,0.0010192863,0.34589052,0.123337254,0.0015819197,0.526268,9791191029192,1.431604321
0.3303751,0.00044751758,0.37903315,0.2888901,0.0006945417,0.00055961433,9791191029758,1.594208695
0.5130917,0.00050402223,0.35159987,0.0009405413,0.0007822362,0.13308163,9791191029826,1.434436443
0.19692138,0.00035334312,0.16095443,0.36901793,0.2723111,0.00044185054,9791191168013,1.936553465
0.5846656,0.20730896,0.001054464,0.0010038292,0.00083487196,0.20513232,9791191192162,1.421105431
0.2991378,0.0006344108,0.5649515,0.0011838558,0.13329911,0.0007933217,9791191192551,1.400196868
0.15873887,0.2676814,0.13835254,0.0013749766,0.18516855,0.24868372,9791191192865,2.288131323
0.7120476,0.00053804356,0.0010546725,0.0010040278,0.28468287,0.00067281583,9791191193640,0.898241867
0.16728675,0.00025465235,0.07898885,0.29688528,0.26665202,0.18993247,9791191193794,2.207656715
0.09431822,0.13991886,0.36697945,0.14813024,0.25021634,0.00043694174,9791191215465,2.162116119
0.48088372,0.00014889867,0.116837,0.13894637,0.11553098,0.14765301,9791191215557,2.034555462
0.8842364,0.00093031046,0.001823593,0.0017360258,0.110110305,0.00116334,9791191278552,0.560647262
0.0017363038,0.37253737,0.0018229807,0.3026046,0.0014433452,0.31985545,9791191278927,1.624669827
0.0030858885,0.0016528616,0.0032399376,0.38050893,0.0025652207,0.60894716,9791191459173,1.056080111
0.0009561182,0.18646264,0.18856192,0.21309984,0.4102791,0.0006403931,9791191459234,1.924677116
0.0036535973,0.0019569378,0.70472395,0.2841812,0.0030371433,0.0024471232,9791191459395,0.965432052
0.533839,0.0005290684,0.0010370791,0.1888869,0.0008211076,0.27488685,9791191459753,1.474159207
0.18280284,0.2746465,0.5406234,0.000770338,0.00064068026,0.0005162165,9791191472042,1.460302225
0.23236032,0.00035729885,0.63474256,0.000666745,0.13142626,0.00044679714,9791191742114,1.306357318
0.42703548,0.14819992,0.0508074,0.37353003,0.00023657434,0.00019061548,9791191858075,1.686708648
0.0012865742,0.00068911427,0.5194583,0.14219888,0.11964844,0.2167187,9791191938494,1.755190973
0.2058102,0.14885797,0.23739927,0.08612315,0.0864945,0.23531495,9791191959116,2.472216961
0.4894423,0.0005291594,0.17894179,0.13242984,0.19799522,0.0006617063,9791192265353,1.810338243
0.0008982648,0.00048112814,0.000943107,0.7581507,0.0007467049,0.2387801,9791192638263,0.827844895
0.27901492,0.18521434,0.1615938,0.37350622,0.0003714559,0.00029929384,9791192828138,1.927739033
0.00041877865,0.000224306,0.75274473,0.051104542,0.15303256,0.04247511,9791192828213,1.143122906
0.10155791,0.15458502,0.1534887,0.266244,0.32380846,0.00031592455,9791192828299,2.205232777
0.07291594,0.113156706,0.31846243,0.039968632,0.19780536,0.25769094,9791192828428,2.30909795
0.91865736,0.00039734892,0.0007788826,0.00074148143,0.0006166806,0.07880819,9791192942360,0.428134187
0.49392673,0.00021659596,0.00042457116,0.0004041835,0.50475705,0.00027085017,9791193078204,1.015655063
0.0025558174,0.6443849,0.34666824,0.0025545503,0.0021245868,0.0017118473,9791193127667,1.016989633
0.00040442368,0.00021661716,0.4590778,0.22307159,0.20852531,0.108704306,9791193235386,1.825289382
0.47118098,0.00085534196,0.3823024,0.0015961289,0.14299558,0.001069593,9791193304006,1.477213276
0.13392134,0.0034300948,0.006723669,0.0064007984,0.0053234645,0.8442006,9791193341995,0.758180371
0.0900733,0.22355458,0.6115522,0.07349123,0.0007358203,0.00059287384,9791193412244,1.520641726
0.00048319862,0.16248944,0.18881679,0.32686475,0.19356474,0.12778108,9791193540237,2.250567779
0.9706922,0.0038417613,0.0075306115,0.0071689985,0.005962366,0.004804068,9791194101116,0.257728347
0.2619682,0.00020812888,0.54623973,0.00038838337,0.1909353,0.0002602622,9791195037964,1.448959027
0.0048405733,0.0025927057,0.98046255,0.004838172,0.0040238467,0.0032421416,9791195224302,0.183450417
0.25701734,0.7371568,0.0017227617,0.0016400354,0.0013639964,0.0010990152,9791195260294,0.882862774
0.0011614825,0.039598104,0.21073933,0.07152218,0.6762009,0.00077794294,9791195382415,1.331117406
0.22467276,0.00025257867,0.24431555,0.20375866,0.3266846,0.00031584603,9791195500697,1.98231604
0.015220623,0.15377319,0.00010215621,0.031576,0.43969366,0.35963437,9791195570416,1.717850815
0.0032544183,0.25767758,0.7309301,0.0032528045,0.0027053156,0.0021797589,9791195570683,0.930755979
0.8569358,0.00033135916,0.00064952986,0.051753845,0.08991506,0.0004143599,9791195595624,0.739821998
0.46962374,0.00021523365,0.00042190083,0.52913594,0.00033403994,0.00026914664,9791195595662,1.012389558
0.289541,0.089957125,0.17234577,0.19168024,0.115672916,0.14080292,9791195632602,2.482491858
0.24747093,0.0004812414,0.000943329,0.41354194,0.19221069,0.14535189,9791195651436,1.901904157
0.5278987,0.00023937567,0.056333143,0.10649963,0.3087298,0.00029933586,9791195725533,1.59429137
0.64416844,0.046663124,0.30815014,0.0004070432,0.00033853264,0.0002727665,9791195822720,1.150089314
0.1315814,0.0007368237,0.33431783,0.53129905,0.0011435412,0.0009213876,9791195918133,1.426355581
0.00095603237,0.0005120696,0.37270206,0.0009555583,0.2602352,0.36463907,9791196078034,1.591588344
0.0017888512,0.0009581434,0.103703916,0.89086396,0.0014870266,0.0011981446,9791196110895,0.539113333
0.41655123,0.00035737944,0.0007005349,0.24112396,0.2706105,0.07065637,9791196250126,1.812956385
0.61369455,0.001169059,0.0022915895,0.0021815477,0.37920132,0.0014618917,9791196268503,1.027316908
0.0011389611,0.0006100497,0.30284894,0.001138396,0.16230403,0.53195965,9791196322526,1.460861274
0.009450114,0.26147777,0.009921868,0.009445427,0.7033753,0.00632954,9791196347574,1.102427522
0.2941585,0.0005381203,0.70279115,0.0010041706,0.00083515595,0.00067291176,9791196361518,0.908366671
0.25792554,0.4340351,0.0034163608,0.0032523074,0.0027049028,0.2986658,9791196442415,1.625501978
0.0006903249,0.12236068,0.00072478637,0.29023808,0.39315143,0.19283473,9791196499167,1.891054506
0.0012865772,0.26430646,0.30651996,0.001285939,0.25395632,0.17264476,9791196514426,1.994665887
0.0004370337,0.00023408372,0.00045885073,0.00043681698,0.4210978,0.57733536,9791196517618,1.0006475
0.13118033,0.11834375,0.22459726,0.0002872503,0.3301934,0.19539799,9791196518172,2.224190875
0.002934396,0.36448836,0.14437152,0.0029329408,0.0024392891,0.4828335,9791196594534,1.511524173
0.0008473788,0.56337756,0.11834694,0.27527583,0.041584715,0.0005675612,9791196632458,1.548609482
0.12446461,0.0004074852,0.361281,0.0007603964,0.000632412,0.5124541,9791196708993,1.418268893
0.42321464,0.00048873207,0.19647032,0.000912009,0.19876587,0.18014838,9791196757359,1.909592128
0.17998877,0.0009876903,0.00193607,0.0018431006,0.0015328832,0.81371146,9791197244308,0.74568631
0.0011389091,0.20481637,0.0011957644,0.7911394,0.0009467463,0.0007628237,9791197346569,0.776094017
0.23178823,0.0010192995,0.00199803,0.54752475,0.0015819402,0.2160877,9791197346590,1.485056843
0.0025566327,0.0013693823,0.55280817,0.43942818,0.0021252641,0.001712393,9791197439810,1.063674758
0.34599125,0.00012597155,0.4598813,0.00023507189,0.19360884,0.00015752563,9791197475818,1.510225693
0.3027984,0.077482246,0.3769308,0.00032312045,0.24224888,0.00021652844,9791197487408,1.840269352
0.2627796,0.00034942882,0.00068495004,0.27947128,0.45627776,0.00043695577,9791198041715,1.553272679
0.26277736,0.00034942882,0.00068495004,0.2794735,0.45627776,0.00043695577,9791198041722,1.553272472
0.13059461,0.08776014,0.19816338,0.0829969,0.31117484,0.18931007,9791198087492,2.431030336
0.09436065,0.18413763,0.15313801,0.00095556234,0.29692605,0.27048206,9791198978318,2.225410913
